#0 building with "desktop-linux" instance using docker driver

#1 [internal] load build definition from Dockerfile.runpod
#1 transferring dockerfile: 5.06kB 0.0s done
#1 DONE 0.0s

#2 [internal] load metadata for docker.io/library/python:3.11-slim
#2 DONE 0.1s

#3 [internal] load .dockerignore
#3 transferring context: 185B 0.0s done
#3 DONE 0.0s

#4 [internal] load build context
#4 DONE 0.0s

#5 [ 1/22] FROM docker.io/library/python:3.11-slim@sha256:e031123e3d85762b141ad1cbc56452ba69c6e722ebf2f042cc0dc86c47c0d8b3
#5 resolve docker.io/library/python:3.11-slim@sha256:e031123e3d85762b141ad1cbc56452ba69c6e722ebf2f042cc0dc86c47c0d8b3 0.0s done
#5 ...

#4 [internal] load build context
#4 transferring context: 16.41kB 0.0s done
#4 DONE 0.1s

#5 [ 1/22] FROM docker.io/library/python:3.11-slim@sha256:e031123e3d85762b141ad1cbc56452ba69c6e722ebf2f042cc0dc86c47c0d8b3
#5 DONE 0.3s

#6 [ 2/22] RUN apt-get update && apt-get install -y --no-install-recommends     postgresql-17 postgresql-17-postgis-3 postgresql-client-17     gdal-bin libgdal-dev libgeos-dev libproj-dev libpq-dev     libopenjp2-7 libopenjp2-tools libtiff-tools libmagic1     gcc g++ make     redis-server nginx supervisor     curl wget ca-certificates openssl procps     && rm -rf /var/lib/apt/lists/*
#6 0.440 Hit:1 http://deb.debian.org/debian trixie InRelease
#6 0.446 Get:2 http://deb.debian.org/debian trixie-updates InRelease [47.3 kB]
#6 0.502 Get:3 http://deb.debian.org/debian-security trixie-security InRelease [43.4 kB]
#6 0.535 Get:4 http://deb.debian.org/debian trixie/main amd64 Packages [9671 kB]
#6 3.156 Get:5 http://deb.debian.org/debian trixie-updates/main amd64 Packages [5412 B]
#6 3.175 Get:6 http://deb.debian.org/debian-security trixie-security/main amd64 Packages [225 kB]
#6 3.863 Fetched 9993 kB in 4s (2803 kB/s)
#6 3.863 Reading package lists...
#6 4.403 Reading package lists...
#6 4.933 Building dependency tree...
#6 5.066 Reading state information...
#6 5.281 ca-certificates is already the newest version (20250419).
#6 5.281 openssl is already the newest version (3.5.6-1~deb13u2).
#6 5.281 openssl set to manually installed.
#6 5.281 The following additional packages will be installed:
#6 5.281   autoconf automake autotools-dev binutils binutils-common
#6 5.281   binutils-x86-64-linux-gnu cfortran comerr-dev cpp cpp-14
#6 5.281   cpp-14-x86-64-linux-gnu cpp-x86-64-linux-gnu default-libmysqlclient-dev
#6 5.281   dirmngr fontconfig-config fonts-dejavu-core fonts-dejavu-mono g++-14
#6 5.281   g++-14-x86-64-linux-gnu g++-x86-64-linux-gnu gcc-14 gcc-14-x86-64-linux-gnu
#6 5.281   gcc-x86-64-linux-gnu gdal-data gdal-plugins gnupg gnupg-l10n gpg gpg-agent
#6 5.282   gpgconf gpgsm hdf5-helpers icu-devtools iproute2 krb5-multidev
#6 5.282   libabsl20240722 libaec-dev libaec0 libaom-dev libaom3 libarmadillo-dev
#6 5.282   libarmadillo14 libarpack2-dev libarpack2t64 libasan8 libassuan9 libatomic1
#6 5.282   libavif-dev libavif16 libbinutils libblas-dev libblas3 libblosc-dev
#6 5.282   libblosc1 libboost-dev libboost-serialization1.83.0 libboost1.83-dev libbpf1
#6 5.282   libbrotli-dev libbrotli1 libc-dev-bin libc-l10n libc6-dev libcap2-bin
#6 5.282   libcc1-0 libcfitsio-dev libcfitsio10t64 libcom-err2 libcrypt-dev
#6 5.282   libctf-nobfd0 libctf0 libcurl3t64-gnutls libcurl4-openssl-dev libcurl4t64
#6 5.282   libdav1d-dev libdav1d7 libde265-0 libdeflate-dev libdeflate0 libedit2
#6 5.282   libelf1t64 libevent-2.1-7t64 libexpat1 libexpat1-dev libfontconfig1
#6 5.282   libfreetype6 libfreexl-dev libfreexl1 libfyba-dev libfyba0t64 libgav1-1
#6 5.282   libgcc-14-dev libgcrypt20 libgdal36 libgdbm-compat4t64 libgeos-c1t64
#6 5.282   libgeos3.13.1 libgeotiff-dev libgeotiff5 libgfortran5 libgif-dev libgif7
#6 5.282   libgmp-dev libgmpxx4ldbl libgnutls-dane0t64 libgnutls-openssl27t64
#6 5.282   libgnutls28-dev libgnutls30t64 libgomp1 libgpg-error0 libgpgme11t64
#6 5.282   libgpgmepp6t64 libgprofng0 libgssapi-krb5-2 libgssrpc4t64 libhdf4-0-alt
#6 5.282   libhdf4-alt-dev libhdf5-310 libhdf5-cpp-310 libhdf5-dev libhdf5-fortran-310
#6 5.282   libhdf5-hl-310 libhdf5-hl-cpp-310 libhdf5-hl-fortran-310 libheif-dev
#6 5.282   libheif-plugin-dav1d libheif-plugin-libde265 libheif1 libhwasan0 libicu-dev
#6 5.282   libicu76 libidn2-0 libidn2-dev libio-pty-perl libipc-run-perl libisl23
#6 5.282   libitm1 libjansson4 libjbig-dev libjbig0 libjemalloc2 libjpeg-dev
#6 5.282   libjpeg62-turbo libjpeg62-turbo-dev libjson-c-dev libjson-c5 libjson-perl
#6 5.282   libk5crypto3 libkadm5clnt-mit12 libkadm5srv-mit12 libkdb5-10t64 libkeyutils1
#6 5.282   libkml-dev libkmlbase1t64 libkmlconvenience1t64 libkmldom1t64
#6 5.282   libkmlengine1t64 libkmlregionator1t64 libkmlxsd1t64 libkrb5-3 libkrb5-dev
#6 5.282   libkrb5support0 libksba8 liblapack-dev liblapack3 liblcms2-2 libldap-dev
#6 5.282   libldap2 liblerc-dev liblerc4 libllvm19 liblsan0 libltdl-dev libltdl7
#6 5.282   liblz4-dev liblzf1 liblzma-dev libmagic-mgc libmariadb-dev
#6 5.282   libmariadb-dev-compat libmariadb3 libminizip-dev libminizip1t64 libmnl0
#6 5.282   libmpc3 libmpfr6 libnetcdf-dev libnetcdf22 libnghttp2-14 libnghttp2-dev
#6 5.282   libnghttp3-9 libnghttp3-dev libngtcp2-16 libngtcp2-crypto-gnutls8
#6 5.282   libnpth0t64 libnspr4 libnss3 libodbc2 libodbccr2 libodbcinst2 libogdi-dev
#6 5.282   libogdi4.1 libopenjp2-7-dev libp11-kit-dev libp11-kit0 libpcre2-16-0
#6 5.282   libpcre2-32-0 libpcre2-dev libpcre2-posix3 libperl5.40 libpkgconf3
#6 5.282   libpng-dev libpng16-16t64 libpoppler-dev libpoppler-private-dev
#6 5.282   libpoppler147 libpq5 libproc2-0 libproj25 libprotobuf-c1 libpsl-dev
#6 5.282   libpsl5t64 libpython3-stdlib libpython3.13-minimal libpython3.13-stdlib
#6 5.282   libqhull-dev libqhull-r8.0 libqhull8.0 libqhullcpp8.0 libquadmath0
#6 5.283   librav1e-dev librav1e0.7 librtmp-dev librtmp1 librttopo-dev librttopo1
#6 5.283   libsasl2-2 libsasl2-modules-db libsfcgal2 libsframe1 libsharpyuv-dev
#6 5.283   libsharpyuv0 libsnappy1v5 libspatialite-dev libspatialite8t64 libsqlite3-dev
#6 5.283   libssh2-1-dev libssh2-1t64 libssl-dev libstdc++-14-dev libsuperlu-dev
#6 5.283   libsuperlu7 libsvtav1enc-dev libsvtav1enc2 libsz2 libtasn1-6 libtasn1-6-dev
#6 5.283   libtext-charwidth-perl libtext-wrapi18n-perl libtiff-dev libtiff6 libtiffxx6
#6 5.283   libtirpc-common libtirpc-dev libtirpc3t64 libtsan2 libubsan1 libunbound8
#6 5.283   libunistring5 liburiparser-dev liburiparser1 libwebp-dev libwebp7
#6 5.283   libwebpdecoder3 libwebpdemux2 libwebpmux3 libxerces-c-dev libxerces-c3.2t64
#6 5.283   libxml2 libxml2-dev libxslt1.1 libxtables12 libxxhash-dev libyuv-dev libyuv0
#6 5.283   libz3-4 libzstd-dev linux-libc-dev locales m4 mariadb-common media-types
#6 5.283   mysql-common nettle-dev nginx-common perl perl-modules-5.40 pinentry-curses
#6 5.283   pkgconf pkgconf-bin postgresql-17-postgis-3-scripts postgresql-client-common
#6 5.283   postgresql-common postgresql-common-dev proj-data python3
#6 5.284   python3-autocommand python3-gdal python3-inflect python3-jaraco.context
#6 5.284   python3-jaraco.functools python3-minimal python3-more-itertools
#6 5.284   python3-numpy python3-numpy-dev python3-pkg-resources python3-typeguard
#6 5.284   python3-typing-extensions python3.13 python3.13-minimal redis-tools
#6 5.284   rpcsvc-proto sensible-utils ssl-cert ucf unixodbc-common unixodbc-dev
#6 5.284   zlib1g-dev
#6 5.287 Suggested packages:
#6 5.287   autoconf-archive gnu-standards autoconf-doc libtool gettext binutils-doc
#6 5.287   gprofng-gui binutils-gold doc-base cpp-doc gcc-14-locales cpp-14-doc
#6 5.287   dbus-user-session libpam-systemd pinentry-gnome3 tor g++-multilib
#6 5.287   g++-14-multilib gcc-14-doc gcc-multilib manpages-dev flex bison gdb gcc-doc
#6 5.287   gcc-14-multilib gdb-x86-64-linux-gnu libgdal-grass gpg-wks-server parcimonie
#6 5.287   xloadimage scdaemon tpm2daemon krb5-doc libitpp-dev liblapack-doc
#6 5.287   libboost-doc libboost1.83-doc libboost-atomic1.83-dev
#6 5.287   libboost-chrono1.83-dev libboost-container1.83-dev libboost-context1.83-dev
#6 5.287   libboost-contract1.83-dev libboost-coroutine1.83-dev
#6 5.287   libboost-date-time1.83-dev libboost-exception1.83-dev libboost-fiber1.83-dev
#6 5.287   libboost-filesystem1.83-dev libboost-graph-parallel1.83-dev
#6 5.287   libboost-graph1.83-dev libboost-iostreams1.83-dev libboost-json1.83-dev
#6 5.287   libboost-locale1.83-dev libboost-log1.83-dev libboost-math1.83-dev
#6 5.287   libboost-mpi-python1.83-dev libboost-mpi1.83-dev libboost-nowide1.83-dev
#6 5.287   libboost-numpy1.83-dev libboost-program-options1.83-dev
#6 5.287   libboost-python1.83-dev libboost-random1.83-dev libboost-regex1.83-dev
#6 5.287   libboost-serialization1.83-dev libboost-stacktrace1.83-dev
#6 5.287   libboost-system1.83-dev libboost-test1.83-dev libboost-thread1.83-dev
#6 5.287   libboost-timer1.83-dev libboost-type-erasure1.83-dev libboost-url1.83-dev
#6 5.287   libboost-wave1.83-dev libboost1.83-tools-dev libmpfrc++-dev libntl-dev
#6 5.287   libc-devtools glibc-doc dpkg-dev libcurl4-doc libidn-dev rng-tools
#6 5.287   libgdal-doc libgeotiff-epsg geotiff-bin gmp-doc libgmp10-doc libmpfr-dev
#6 5.287   dns-root-data gnutls-bin gnutls-doc krb5-user hdf4-tools libhdf5-doc
#6 5.287   libheif-plugin-ffmpegdec libheif-plugin-jpegdec libheif-plugin-jpegenc
#6 5.287   libheif-plugin-j2kdec libheif-plugin-j2kenc libheif-plugin-kvazaar
#6 5.287   libheif-plugin-rav1e libheif-plugin-svtenc icu-doc liblcms2-utils
#6 5.287   libtool-doc liblzma-doc file netcdf-bin netcdf-doc libnghttp2-doc
#6 5.287   odbc-postgresql tdsodbc ogdi-bin p11-kit-doc libfreetype-dev
#6 5.287   postgresql-doc-17 proj-bin sqlite3-doc libssl-doc libstdc++-14-doc
#6 5.287   libsuperlu-doc libtiff-opengl libxerces-c-doc m4-doc make-doc fcgiwrap
#6 5.287   nginx-doc perl-doc libterm-readline-gnu-perl | libterm-readline-perl-perl
#6 5.287   libtap-harness-archive-perl pinentry-doc postgis python3-doc python3-tk
#6 5.287   python3-venv gfortran python-numpy-doc python3-dev python3-pytest
#6 5.287   python3-setuptools python3.13-venv python3.13-doc binfmt-support ruby-redis
#6 5.287   supervisor-doc
#6 5.287 Recommended packages:
#6 5.287   gfortran | fortran-compiler bash-completion gnupg-utils gpg-wks-client gpgv
#6 5.287   manpages manpages-dev libpam-cap libcfitsio-doc proj-bin libgpg-error-l10n
#6 5.287   libheif-plugin-x265 libheif-plugin-aomenc libjson-xs-perl krb5-locales
#6 5.287   libldap-common libtool libpng-tools poppler-data publicsuffix
#6 5.287   libsasl2-modules libtasn1-doc sysstat e2fsprogs logrotate psmisc
#6 5.287   linux-sysctl-defaults
#6 6.653 The following NEW packages will be installed:
#6 6.653   autoconf automake autotools-dev binutils binutils-common
#6 6.653   binutils-x86-64-linux-gnu cfortran comerr-dev cpp cpp-14
#6 6.653   cpp-14-x86-64-linux-gnu cpp-x86-64-linux-gnu curl default-libmysqlclient-dev
#6 6.653   dirmngr fontconfig-config fonts-dejavu-core fonts-dejavu-mono g++ g++-14
#6 6.653   g++-14-x86-64-linux-gnu g++-x86-64-linux-gnu gcc gcc-14
#6 6.653   gcc-14-x86-64-linux-gnu gcc-x86-64-linux-gnu gdal-bin gdal-data gdal-plugins
#6 6.653   gnupg gnupg-l10n gpg gpg-agent gpgconf gpgsm hdf5-helpers icu-devtools
#6 6.653   iproute2 krb5-multidev libabsl20240722 libaec-dev libaec0 libaom-dev libaom3
#6 6.653   libarmadillo-dev libarmadillo14 libarpack2-dev libarpack2t64 libasan8
#6 6.653   libassuan9 libatomic1 libavif-dev libavif16 libbinutils libblas-dev libblas3
#6 6.653   libblosc-dev libblosc1 libboost-dev libboost-serialization1.83.0
#6 6.653   libboost1.83-dev libbpf1 libbrotli-dev libbrotli1 libc-dev-bin libc-l10n
#6 6.653   libc6-dev libcap2-bin libcc1-0 libcfitsio-dev libcfitsio10t64 libcom-err2
#6 6.653   libcrypt-dev libctf-nobfd0 libctf0 libcurl3t64-gnutls libcurl4-openssl-dev
#6 6.653   libcurl4t64 libdav1d-dev libdav1d7 libde265-0 libdeflate-dev libdeflate0
#6 6.653   libedit2 libelf1t64 libevent-2.1-7t64 libexpat1 libexpat1-dev libfontconfig1
#6 6.653   libfreetype6 libfreexl-dev libfreexl1 libfyba-dev libfyba0t64 libgav1-1
#6 6.653   libgcc-14-dev libgcrypt20 libgdal-dev libgdal36 libgdbm-compat4t64
#6 6.653   libgeos-c1t64 libgeos-dev libgeos3.13.1 libgeotiff-dev libgeotiff5
#6 6.653   libgfortran5 libgif-dev libgif7 libgmp-dev libgmpxx4ldbl libgnutls-dane0t64
#6 6.653   libgnutls-openssl27t64 libgnutls28-dev libgnutls30t64 libgomp1 libgpg-error0
#6 6.653   libgpgme11t64 libgpgmepp6t64 libgprofng0 libgssapi-krb5-2 libgssrpc4t64
#6 6.653   libhdf4-0-alt libhdf4-alt-dev libhdf5-310 libhdf5-cpp-310 libhdf5-dev
#6 6.653   libhdf5-fortran-310 libhdf5-hl-310 libhdf5-hl-cpp-310 libhdf5-hl-fortran-310
#6 6.653   libheif-dev libheif-plugin-dav1d libheif-plugin-libde265 libheif1 libhwasan0
#6 6.653   libicu-dev libicu76 libidn2-0 libidn2-dev libio-pty-perl libipc-run-perl
#6 6.653   libisl23 libitm1 libjansson4 libjbig-dev libjbig0 libjemalloc2 libjpeg-dev
#6 6.653   libjpeg62-turbo libjpeg62-turbo-dev libjson-c-dev libjson-c5 libjson-perl
#6 6.653   libk5crypto3 libkadm5clnt-mit12 libkadm5srv-mit12 libkdb5-10t64 libkeyutils1
#6 6.653   libkml-dev libkmlbase1t64 libkmlconvenience1t64 libkmldom1t64
#6 6.653   libkmlengine1t64 libkmlregionator1t64 libkmlxsd1t64 libkrb5-3 libkrb5-dev
#6 6.653   libkrb5support0 libksba8 liblapack-dev liblapack3 liblcms2-2 libldap-dev
#6 6.653   libldap2 liblerc-dev liblerc4 libllvm19 liblsan0 libltdl-dev libltdl7
#6 6.653   liblz4-dev liblzf1 liblzma-dev libmagic-mgc libmagic1t64 libmariadb-dev
#6 6.653   libmariadb-dev-compat libmariadb3 libminizip-dev libminizip1t64 libmnl0
#6 6.653   libmpc3 libmpfr6 libnetcdf-dev libnetcdf22 libnghttp2-14 libnghttp2-dev
#6 6.653   libnghttp3-9 libnghttp3-dev libngtcp2-16 libngtcp2-crypto-gnutls8
#6 6.653   libnpth0t64 libnspr4 libnss3 libodbc2 libodbccr2 libodbcinst2 libogdi-dev
#6 6.653   libogdi4.1 libopenjp2-7 libopenjp2-7-dev libopenjp2-tools libp11-kit-dev
#6 6.654   libp11-kit0 libpcre2-16-0 libpcre2-32-0 libpcre2-dev libpcre2-posix3
#6 6.654   libperl5.40 libpkgconf3 libpng-dev libpng16-16t64 libpoppler-dev
#6 6.654   libpoppler-private-dev libpoppler147 libpq-dev libpq5 libproc2-0 libproj-dev
#6 6.654   libproj25 libprotobuf-c1 libpsl-dev libpsl5t64 libpython3-stdlib
#6 6.654   libpython3.13-minimal libpython3.13-stdlib libqhull-dev libqhull-r8.0
#6 6.654   libqhull8.0 libqhullcpp8.0 libquadmath0 librav1e-dev librav1e0.7 librtmp-dev
#6 6.655   librtmp1 librttopo-dev librttopo1 libsasl2-2 libsasl2-modules-db libsfcgal2
#6 6.655   libsframe1 libsharpyuv-dev libsharpyuv0 libsnappy1v5 libspatialite-dev
#6 6.655   libspatialite8t64 libsqlite3-dev libssh2-1-dev libssh2-1t64 libssl-dev
#6 6.655   libstdc++-14-dev libsuperlu-dev libsuperlu7 libsvtav1enc-dev libsvtav1enc2
#6 6.655   libsz2 libtasn1-6 libtasn1-6-dev libtext-charwidth-perl
#6 6.655   libtext-wrapi18n-perl libtiff-dev libtiff-tools libtiff6 libtiffxx6
#6 6.655   libtirpc-common libtirpc-dev libtirpc3t64 libtsan2 libubsan1 libunbound8
#6 6.655   libunistring5 liburiparser-dev liburiparser1 libwebp-dev libwebp7
#6 6.655   libwebpdecoder3 libwebpdemux2 libwebpmux3 libxerces-c-dev libxerces-c3.2t64
#6 6.655   libxml2 libxml2-dev libxslt1.1 libxtables12 libxxhash-dev libyuv-dev libyuv0
#6 6.655   libz3-4 libzstd-dev linux-libc-dev locales m4 make mariadb-common
#6 6.655   media-types mysql-common nettle-dev nginx nginx-common perl
#6 6.655   perl-modules-5.40 pinentry-curses pkgconf pkgconf-bin postgresql-17
#6 6.655   postgresql-17-postgis-3 postgresql-17-postgis-3-scripts postgresql-client-17
#6 6.655   postgresql-client-common postgresql-common postgresql-common-dev procps
#6 6.655   proj-data python3 python3-autocommand python3-gdal python3-inflect
#6 6.655   python3-jaraco.context python3-jaraco.functools python3-minimal
#6 6.656   python3-more-itertools python3-numpy python3-numpy-dev python3-pkg-resources
#6 6.656   python3-typeguard python3-typing-extensions python3.13 python3.13-minimal
#6 6.656   redis-server redis-tools rpcsvc-proto sensible-utils ssl-cert supervisor ucf
#6 6.656   unixodbc-common unixodbc-dev wget zlib1g-dev
#6 6.732 0 upgraded, 349 newly installed, 0 to remove and 0 not upgraded.
#6 6.732 Need to get 298 MB of archives.
#6 6.732 After this operation, 1393 MB of additional disk space will be used.
#6 6.732 Get:1 http://deb.debian.org/debian trixie/main amd64 libexpat1 amd64 2.7.1-2 [108 kB]
#6 6.799 Get:2 http://deb.debian.org/debian trixie/main amd64 perl-modules-5.40 all 5.40.1-6 [3019 kB]
#6 7.609 Get:3 http://deb.debian.org/debian trixie/main amd64 libgdbm-compat4t64 amd64 1.24-2 [50.3 kB]
#6 7.628 Get:4 http://deb.debian.org/debian trixie/main amd64 libperl5.40 amd64 5.40.1-6 [4341 kB]
#6 10.23 Get:5 http://deb.debian.org/debian trixie/main amd64 perl amd64 5.40.1-6 [267 kB]
#6 10.29 Get:6 http://deb.debian.org/debian trixie/main amd64 libjson-perl all 4.10000-1 [87.5 kB]
#6 10.31 Get:7 http://deb.debian.org/debian trixie/main amd64 postgresql-client-common all 278 [47.1 kB]
#6 10.32 Get:8 http://deb.debian.org/debian trixie/main amd64 libio-pty-perl amd64 1:1.20-1+b3 [34.3 kB]
#6 10.35 Get:9 http://deb.debian.org/debian trixie/main amd64 libipc-run-perl all 20231003.0-2 [101 kB]
#6 10.38 Get:10 http://deb.debian.org/debian trixie/main amd64 postgresql-common-dev all 278 [72.4 kB]
#6 10.38 Get:11 http://deb.debian.org/debian trixie/main amd64 ssl-cert all 1.1.3 [16.8 kB]
#6 10.39 Get:12 http://deb.debian.org/debian trixie/main amd64 libtext-charwidth-perl amd64 0.04-11+b4 [9476 B]
#6 10.39 Get:13 http://deb.debian.org/debian trixie/main amd64 libtext-wrapi18n-perl all 0.06-10 [8808 B]
#6 10.39 Get:14 http://deb.debian.org/debian trixie/main amd64 libproc2-0 amd64 2:4.0.4-9 [65.6 kB]
#6 10.43 Get:15 http://deb.debian.org/debian trixie/main amd64 procps amd64 2:4.0.4-9 [882 kB]
#6 10.60 Get:16 http://deb.debian.org/debian trixie/main amd64 sensible-utils all 0.0.25 [25.0 kB]
#6 10.61 Get:17 http://deb.debian.org/debian trixie/main amd64 ucf all 3.0052 [43.3 kB]
#6 10.64 Get:18 http://deb.debian.org/debian trixie/main amd64 postgresql-common all 278 [112 kB]
#6 10.67 Get:19 http://deb.debian.org/debian trixie/main amd64 libpython3.13-minimal amd64 3.13.5-2+deb13u2 [862 kB]
#6 10.86 Get:20 http://deb.debian.org/debian trixie/main amd64 python3.13-minimal amd64 3.13.5-2+deb13u2 [2217 kB]
#6 11.80 Get:21 http://deb.debian.org/debian trixie/main amd64 python3-minimal amd64 3.13.5-1 [27.2 kB]
#6 11.80 Get:22 http://deb.debian.org/debian trixie/main amd64 media-types all 13.0.0 [29.3 kB]
#6 11.81 Get:23 http://deb.debian.org/debian trixie/main amd64 libpython3.13-stdlib amd64 3.13.5-2+deb13u2 [1958 kB]
#6 12.24 Get:24 http://deb.debian.org/debian trixie/main amd64 python3.13 amd64 3.13.5-2+deb13u2 [757 kB]
#6 12.39 Get:25 http://deb.debian.org/debian trixie/main amd64 libpython3-stdlib amd64 3.13.5-1 [10.2 kB]
#6 12.39 Get:26 http://deb.debian.org/debian trixie/main amd64 python3 amd64 3.13.5-1 [28.2 kB]
#6 12.41 Get:27 http://deb.debian.org/debian trixie/main amd64 python3-numpy-dev amd64 1:2.2.4+ds-1 [139 kB]
#6 12.45 Get:28 http://deb.debian.org/debian trixie/main amd64 libblas3 amd64 3.12.1-6 [160 kB]
#6 12.50 Get:29 http://deb.debian.org/debian trixie/main amd64 libgfortran5 amd64 14.2.0-19 [836 kB]
#6 12.66 Get:30 http://deb.debian.org/debian trixie/main amd64 liblapack3 amd64 3.12.1-6 [2447 kB]
#6 13.20 Get:31 http://deb.debian.org/debian trixie/main amd64 python3-numpy amd64 1:2.2.4+ds-1 [5096 kB]
#6 14.29 Get:32 http://deb.debian.org/debian trixie/main amd64 libatomic1 amd64 14.2.0-19 [9308 B]
#6 14.29 Get:33 http://deb.debian.org/debian trixie/main amd64 libjemalloc2 amd64 5.3.0-3 [274 kB]
#6 14.36 Get:34 http://deb.debian.org/debian trixie/main amd64 liblzf1 amd64 3.6-4+b3 [10.1 kB]
#6 14.37 Get:35 http://deb.debian.org/debian-security trixie-security/main amd64 redis-tools amd64 5:8.0.2-3+deb13u2 [1245 kB]
#6 14.66 Get:36 http://deb.debian.org/debian-security trixie-security/main amd64 redis-server amd64 5:8.0.2-3+deb13u2 [66.6 kB]
#6 14.67 Get:37 http://deb.debian.org/debian trixie/main amd64 python3-autocommand all 2.2.2-3 [13.6 kB]
#6 14.67 Get:38 http://deb.debian.org/debian trixie/main amd64 python3-more-itertools all 10.7.0-1 [67.4 kB]
#6 14.69 Get:39 http://deb.debian.org/debian trixie/main amd64 python3-typing-extensions all 4.13.2-1 [90.5 kB]
#6 14.71 Get:40 http://deb.debian.org/debian trixie/main amd64 python3-typeguard all 4.4.2-1 [37.3 kB]
#6 14.72 Get:41 http://deb.debian.org/debian trixie/main amd64 python3-inflect all 7.3.1-2 [32.4 kB]
#6 14.73 Get:42 http://deb.debian.org/debian trixie/main amd64 python3-jaraco.context all 6.0.1-1+deb13u1 [8492 B]
#6 14.73 Get:43 http://deb.debian.org/debian trixie/main amd64 python3-jaraco.functools all 4.1.0-1 [12.0 kB]
#6 14.75 Get:44 http://deb.debian.org/debian trixie/main amd64 python3-pkg-resources all 78.1.1-0.1 [224 kB]
#6 14.82 Get:45 http://deb.debian.org/debian trixie/main amd64 supervisor all 4.2.5-3 [311 kB]
#6 15.01 Get:46 http://deb.debian.org/debian trixie/main amd64 libelf1t64 amd64 0.192-4 [189 kB]
#6 15.08 Get:47 http://deb.debian.org/debian trixie/main amd64 libbpf1 amd64 1:1.5.0-3 [169 kB]
#6 15.12 Get:48 http://deb.debian.org/debian trixie/main amd64 libmnl0 amd64 1.0.5-3 [11.9 kB]
#6 15.13 Get:49 http://deb.debian.org/debian-security trixie-security/main amd64 libkrb5support0 amd64 1.21.3-5+deb13u1 [33.1 kB]
#6 15.14 Get:50 http://deb.debian.org/debian trixie/main amd64 libcom-err2 amd64 1.47.2-3+b11 [25.0 kB]
#6 15.14 Get:51 http://deb.debian.org/debian-security trixie-security/main amd64 libk5crypto3 amd64 1.21.3-5+deb13u1 [81.2 kB]
#6 15.15 Get:52 http://deb.debian.org/debian trixie/main amd64 libkeyutils1 amd64 1.6.3-6 [9456 B]
#6 15.17 Get:53 http://deb.debian.org/debian-security trixie-security/main amd64 libkrb5-3 amd64 1.21.3-5+deb13u1 [326 kB]
#6 15.25 Get:54 http://deb.debian.org/debian-security trixie-security/main amd64 libgssapi-krb5-2 amd64 1.21.3-5+deb13u1 [138 kB]
#6 15.28 Get:55 http://deb.debian.org/debian trixie/main amd64 libtirpc-common all 1.3.6+ds-1 [11.0 kB]
#6 15.28 Get:56 http://deb.debian.org/debian trixie/main amd64 libtirpc3t64 amd64 1.3.6+ds-1 [83.3 kB]
#6 15.29 Get:57 http://deb.debian.org/debian trixie/main amd64 libxtables12 amd64 1.8.11-2 [31.9 kB]
#6 15.30 Get:58 http://deb.debian.org/debian trixie/main amd64 libcap2-bin amd64 1:2.75-10+deb13u1+b1 [36.4 kB]
#6 15.32 Get:59 http://deb.debian.org/debian trixie/main amd64 iproute2 amd64 6.15.0-1 [1089 kB]
#6 15.73 Get:60 http://deb.debian.org/debian trixie/main amd64 libc-l10n all 2.41-12+deb13u3 [740 kB]
#6 15.91 Get:61 http://deb.debian.org/debian trixie/main amd64 locales all 2.41-12+deb13u3 [3925 kB]
#6 17.09 Get:62 http://deb.debian.org/debian trixie/main amd64 libunistring5 amd64 1.3-2 [477 kB]
#6 17.20 Get:63 http://deb.debian.org/debian trixie/main amd64 libidn2-0 amd64 2.3.8-2 [109 kB]
#6 17.22 Get:64 http://deb.debian.org/debian trixie/main amd64 libp11-kit0 amd64 0.25.5-3 [425 kB]
#6 17.31 Get:65 http://deb.debian.org/debian trixie/main amd64 libtasn1-6 amd64 4.20.0-2 [49.9 kB]
#6 17.32 Get:66 http://deb.debian.org/debian-security trixie-security/main amd64 libgnutls30t64 amd64 3.8.9-3+deb13u4 [1469 kB]
#6 17.67 Get:67 http://deb.debian.org/debian trixie/main amd64 libpsl5t64 amd64 0.21.2-1.1+b1 [57.2 kB]
#6 17.69 Get:68 http://deb.debian.org/debian trixie/main amd64 wget amd64 1.25.0-2 [984 kB]
#6 17.91 Get:69 http://deb.debian.org/debian trixie/main amd64 m4 amd64 1.4.19-8 [294 kB]
#6 18.01 Get:70 http://deb.debian.org/debian trixie/main amd64 autoconf all 2.72-3.1 [494 kB]
#6 18.14 Get:71 http://deb.debian.org/debian trixie/main amd64 autotools-dev all 20240727.1 [60.2 kB]
#6 18.16 Get:72 http://deb.debian.org/debian trixie/main amd64 automake all 1:1.17-4 [862 kB]
#6 18.36 Get:73 http://deb.debian.org/debian trixie/main amd64 libsframe1 amd64 2.44-3 [78.4 kB]
#6 18.39 Get:74 http://deb.debian.org/debian trixie/main amd64 binutils-common amd64 2.44-3 [2509 kB]
#6 18.92 Get:75 http://deb.debian.org/debian trixie/main amd64 libbinutils amd64 2.44-3 [534 kB]
#6 19.02 Get:76 http://deb.debian.org/debian trixie/main amd64 libgprofng0 amd64 2.44-3 [808 kB]
#6 19.22 Get:77 http://deb.debian.org/debian trixie/main amd64 libctf-nobfd0 amd64 2.44-3 [156 kB]
#6 19.24 Get:78 http://deb.debian.org/debian trixie/main amd64 libctf0 amd64 2.44-3 [88.6 kB]
#6 19.26 Get:79 http://deb.debian.org/debian trixie/main amd64 libjansson4 amd64 2.14-2+b3 [39.8 kB]
#6 19.27 Get:80 http://deb.debian.org/debian trixie/main amd64 binutils-x86-64-linux-gnu amd64 2.44-3 [1014 kB]
#6 19.53 Get:81 http://deb.debian.org/debian trixie/main amd64 binutils amd64 2.44-3 [265 kB]
#6 19.57 Get:82 http://deb.debian.org/debian trixie/main amd64 cfortran all 20210827-1.1 [64.6 kB]
#6 19.59 Get:83 http://deb.debian.org/debian trixie/main amd64 libc-dev-bin amd64 2.41-12+deb13u3 [59.8 kB]
#6 19.61 Get:84 http://deb.debian.org/debian-security trixie-security/main amd64 linux-libc-dev all 6.12.95-1 [2852 kB]
#6 20.22 Get:85 http://deb.debian.org/debian trixie/main amd64 libcrypt-dev amd64 1:4.4.38-1 [119 kB]
#6 20.25 Get:86 http://deb.debian.org/debian trixie/main amd64 rpcsvc-proto amd64 1.4.3-1 [63.3 kB]
#6 20.27 Get:87 http://deb.debian.org/debian trixie/main amd64 libc6-dev amd64 2.41-12+deb13u3 [1992 kB]
#6 20.96 Get:88 http://deb.debian.org/debian trixie/main amd64 comerr-dev amd64 2.1-1.47.2-3+b11 [56.7 kB]
#6 21.00 Get:89 http://deb.debian.org/debian trixie/main amd64 libisl23 amd64 0.27-1 [659 kB]
#6 21.39 Get:90 http://deb.debian.org/debian trixie/main amd64 libmpfr6 amd64 4.2.2-1 [729 kB]
#6 21.67 Get:91 http://deb.debian.org/debian trixie/main amd64 libmpc3 amd64 1.3.1-1+b3 [52.2 kB]
#6 21.69 Get:92 http://deb.debian.org/debian trixie/main amd64 cpp-14-x86-64-linux-gnu amd64 14.2.0-19 [11.0 MB]
#6 25.17 Get:93 http://deb.debian.org/debian trixie/main amd64 cpp-14 amd64 14.2.0-19 [1280 B]
#6 25.17 Get:94 http://deb.debian.org/debian trixie/main amd64 cpp-x86-64-linux-gnu amd64 4:14.2.0-1 [4840 B]
#6 25.17 Get:95 http://deb.debian.org/debian trixie/main amd64 cpp amd64 4:14.2.0-1 [1568 B]
#6 25.17 Get:96 http://deb.debian.org/debian trixie/main amd64 libbrotli1 amd64 1.1.0-2+b7 [307 kB]
#6 25.23 Get:97 http://deb.debian.org/debian trixie/main amd64 libsasl2-modules-db amd64 2.1.28+dfsg1-9 [19.8 kB]
#6 25.23 Get:98 http://deb.debian.org/debian trixie/main amd64 libsasl2-2 amd64 2.1.28+dfsg1-9 [57.5 kB]
#6 25.27 Get:99 http://deb.debian.org/debian trixie/main amd64 libldap2 amd64 2.6.10+dfsg-1 [194 kB]
#6 25.31 Get:100 http://deb.debian.org/debian-security trixie-security/main amd64 libnghttp2-14 amd64 1.64.0-1.1+deb13u1 [76.2 kB]
#6 25.33 Get:101 http://deb.debian.org/debian trixie/main amd64 libnghttp3-9 amd64 1.8.0-1 [67.7 kB]
#6 25.34 Get:102 http://deb.debian.org/debian trixie/main amd64 librtmp1 amd64 2.4+20151223.gitfa8646d.1-2+b5 [58.8 kB]
#6 25.36 Get:103 http://deb.debian.org/debian-security trixie-security/main amd64 libssh2-1t64 amd64 1.11.1-1+deb13u1 [245 kB]
#6 25.43 Get:104 http://deb.debian.org/debian trixie/main amd64 libcurl4t64 amd64 8.14.1-2+deb13u3 [391 kB]
#6 25.52 Get:105 http://deb.debian.org/debian trixie/main amd64 curl amd64 8.14.1-2+deb13u3 [270 kB]
#6 25.58 Get:106 http://deb.debian.org/debian trixie/main amd64 mysql-common all 5.8+1.1.1 [6784 B]
#6 25.59 Get:107 http://deb.debian.org/debian trixie/main amd64 mariadb-common all 1:11.8.6-0+deb13u1 [29.5 kB]
#6 25.61 Get:108 http://deb.debian.org/debian trixie/main amd64 libmariadb3 amd64 1:11.8.6-0+deb13u1 [187 kB]
#6 25.67 Get:109 http://deb.debian.org/debian-security trixie-security/main amd64 libssl-dev amd64 3.5.6-1~deb13u2 [2959 kB]
#6 26.33 Get:110 http://deb.debian.org/debian trixie/main amd64 zlib1g-dev amd64 1:1.3.dfsg+really1.3.1-1+b1 [920 kB]
#6 26.53 Get:111 http://deb.debian.org/debian trixie/main amd64 libmariadb-dev amd64 1:11.8.6-0+deb13u1 [277 kB]
#6 26.59 Get:112 http://deb.debian.org/debian trixie/main amd64 libmariadb-dev-compat amd64 1:11.8.6-0+deb13u1 [28.3 kB]
#6 26.60 Get:113 http://deb.debian.org/debian trixie/main amd64 default-libmysqlclient-dev amd64 1.1.1 [3252 B]
#6 26.60 Get:114 http://deb.debian.org/debian trixie/main amd64 libgpg-error0 amd64 1.51-4 [82.1 kB]
#6 26.61 Get:115 http://deb.debian.org/debian trixie/main amd64 libassuan9 amd64 3.0.2-2 [61.5 kB]
#6 26.65 Get:116 http://deb.debian.org/debian-security trixie-security/main amd64 libgcrypt20 amd64 1.11.0-7+deb13u1 [843 kB]
#6 26.81 Get:117 http://deb.debian.org/debian trixie/main amd64 gpgconf amd64 2.4.7-21+deb13u1+b3 [129 kB]
#6 26.84 Get:118 http://deb.debian.org/debian trixie/main amd64 libksba8 amd64 1.6.7-2+b1 [136 kB]
#6 26.87 Get:119 http://deb.debian.org/debian trixie/main amd64 libnpth0t64 amd64 1.8-3 [23.2 kB]
#6 26.89 Get:120 http://deb.debian.org/debian trixie/main amd64 dirmngr amd64 2.4.7-21+deb13u1+b3 [384 kB]
#6 26.98 Get:121 http://deb.debian.org/debian trixie/main amd64 fonts-dejavu-mono all 2.37-8 [489 kB]
#6 27.09 Get:122 http://deb.debian.org/debian trixie/main amd64 fonts-dejavu-core all 2.37-8 [840 kB]
#6 27.27 Get:123 http://deb.debian.org/debian trixie/main amd64 fontconfig-config amd64 2.15.0-2.3 [318 kB]
#6 27.35 Get:124 http://deb.debian.org/debian trixie/main amd64 libcc1-0 amd64 14.2.0-19 [42.8 kB]
#6 27.36 Get:125 http://deb.debian.org/debian trixie/main amd64 libgomp1 amd64 14.2.0-19 [137 kB]
#6 27.38 Get:126 http://deb.debian.org/debian trixie/main amd64 libitm1 amd64 14.2.0-19 [26.0 kB]
#6 27.40 Get:127 http://deb.debian.org/debian trixie/main amd64 libasan8 amd64 14.2.0-19 [2725 kB]
#6 28.03 Get:128 http://deb.debian.org/debian trixie/main amd64 liblsan0 amd64 14.2.0-19 [1204 kB]
#6 28.35 Get:129 http://deb.debian.org/debian trixie/main amd64 libtsan2 amd64 14.2.0-19 [2460 kB]
#6 28.96 Get:130 http://deb.debian.org/debian trixie/main amd64 libubsan1 amd64 14.2.0-19 [1074 kB]
#6 29.22 Get:131 http://deb.debian.org/debian trixie/main amd64 libhwasan0 amd64 14.2.0-19 [1488 kB]
#6 29.54 Get:132 http://deb.debian.org/debian trixie/main amd64 libquadmath0 amd64 14.2.0-19 [145 kB]
#6 29.57 Get:133 http://deb.debian.org/debian trixie/main amd64 libgcc-14-dev amd64 14.2.0-19 [2672 kB]
#6 30.66 Get:134 http://deb.debian.org/debian trixie/main amd64 gcc-14-x86-64-linux-gnu amd64 14.2.0-19 [21.4 MB]
#6 35.75 Get:135 http://deb.debian.org/debian trixie/main amd64 gcc-14 amd64 14.2.0-19 [540 kB]
#6 35.87 Get:136 http://deb.debian.org/debian trixie/main amd64 gcc-x86-64-linux-gnu amd64 4:14.2.0-1 [1436 B]
#6 35.88 Get:137 http://deb.debian.org/debian trixie/main amd64 gcc amd64 4:14.2.0-1 [5136 B]
#6 35.91 Get:138 http://deb.debian.org/debian trixie/main amd64 libstdc++-14-dev amd64 14.2.0-19 [2376 kB]
#6 36.67 Get:139 http://deb.debian.org/debian trixie/main amd64 g++-14-x86-64-linux-gnu amd64 14.2.0-19 [12.1 MB]
#6 41.00 Get:140 http://deb.debian.org/debian trixie/main amd64 g++-14 amd64 14.2.0-19 [22.5 kB]
#6 41.01 Get:141 http://deb.debian.org/debian trixie/main amd64 g++-x86-64-linux-gnu amd64 4:14.2.0-1 [1200 B]
#6 41.01 Get:142 http://deb.debian.org/debian trixie/main amd64 g++ amd64 4:14.2.0-1 [1344 B]
#6 41.02 Get:143 http://deb.debian.org/debian trixie/main amd64 gdal-data all 3.10.3+dfsg-1 [403 kB]
#6 41.12 Get:144 http://deb.debian.org/debian trixie/main amd64 gdal-plugins amd64 3.10.3+dfsg-1 [181 kB]
#6 41.17 Get:145 http://deb.debian.org/debian trixie/main amd64 libaec0 amd64 1.1.3-1+b1 [23.8 kB]
#6 41.17 Get:146 http://deb.debian.org/debian trixie/main amd64 libarpack2t64 amd64 3.9.1-6 [104 kB]
#6 41.19 Get:147 http://deb.debian.org/debian trixie/main amd64 libarmadillo14 amd64 1:14.2.3+dfsg-1+b1 [102 kB]
#6 41.24 Get:148 http://deb.debian.org/debian trixie/main amd64 libaom3 amd64 3.12.1-1 [1871 kB]
#6 41.70 Get:149 http://deb.debian.org/debian trixie/main amd64 libdav1d7 amd64 1.5.1-1 [559 kB]
#6 41.84 Get:150 http://deb.debian.org/debian trixie/main amd64 libabsl20240722 amd64 20240722.0-4 [492 kB]
#6 41.98 Get:151 http://deb.debian.org/debian trixie/main amd64 libgav1-1 amd64 0.19.0-3+b1 [353 kB]
#6 42.07 Get:152 http://deb.debian.org/debian trixie/main amd64 librav1e0.7 amd64 0.7.1-9+b2 [946 kB]
#6 42.28 Get:153 http://deb.debian.org/debian trixie/main amd64 libsvtav1enc2 amd64 2.3.0+dfsg-1 [2489 kB]
#6 42.83 Get:154 http://deb.debian.org/debian trixie/main amd64 libjpeg62-turbo amd64 1:2.1.5-4 [168 kB]
#6 42.90 Get:155 http://deb.debian.org/debian trixie/main amd64 libyuv0 amd64 0.0.1904.20250204-1 [174 kB]
#6 42.95 Get:156 http://deb.debian.org/debian trixie/main amd64 libavif16 amd64 1.2.1-1.2 [133 kB]
#6 42.98 Get:157 http://deb.debian.org/debian trixie/main amd64 libsnappy1v5 amd64 1.2.2-1 [29.3 kB]
#6 42.98 Get:158 http://deb.debian.org/debian trixie/main amd64 libblosc1 amd64 1.21.5+ds-1+b2 [49.5 kB]
#6 43.01 Get:159 http://deb.debian.org/debian trixie/main amd64 libngtcp2-16 amd64 1.11.0-1+deb13u1 [132 kB]
#6 43.03 Get:160 http://deb.debian.org/debian trixie/main amd64 libngtcp2-crypto-gnutls8 amd64 1.11.0-1+deb13u1 [29.5 kB]
#6 43.04 Get:161 http://deb.debian.org/debian trixie/main amd64 libcurl3t64-gnutls amd64 8.14.1-2+deb13u3 [384 kB]
#6 43.12 Get:162 http://deb.debian.org/debian trixie/main amd64 libcfitsio10t64 amd64 4.6.2-2 [577 kB]
#6 43.24 Get:163 http://deb.debian.org/debian trixie/main amd64 libdeflate0 amd64 1.23-2 [47.3 kB]
#6 43.25 Get:164 http://deb.debian.org/debian trixie/main amd64 libminizip1t64 amd64 1:1.3.dfsg+really1.3.1-1+b1 [53.3 kB]
#6 43.26 Get:165 http://deb.debian.org/debian trixie/main amd64 libfreexl1 amd64 2.0.0-1+b3 [40.0 kB]
#6 43.29 Get:166 http://deb.debian.org/debian trixie/main amd64 libfyba0t64 amd64 4.1.1-11+b1 [113 kB]
#6 43.32 Get:167 http://deb.debian.org/debian trixie/main amd64 libgeos3.13.1 amd64 3.13.1-1 [970 kB]
#6 43.54 Get:168 http://deb.debian.org/debian trixie/main amd64 libgeos-c1t64 amd64 3.13.1-1 [102 kB]
#6 43.58 Get:169 http://deb.debian.org/debian trixie/main amd64 proj-data all 9.6.0-1 [6303 kB]
#6 45.18 Get:170 http://deb.debian.org/debian trixie/main amd64 libjbig0 amd64 2.1-6.1+b2 [32.1 kB]
#6 45.19 Get:171 http://deb.debian.org/debian trixie/main amd64 liblerc4 amd64 4.0.0+ds-5 [183 kB]
#6 45.25 Get:172 http://deb.debian.org/debian trixie/main amd64 libsharpyuv0 amd64 1.5.0-0.1 [116 kB]
#6 45.29 Get:173 http://deb.debian.org/debian trixie/main amd64 libwebp7 amd64 1.5.0-0.1 [318 kB]
#6 45.37 Get:174 http://deb.debian.org/debian trixie/main amd64 libtiff6 amd64 4.7.0-3+deb13u2 [345 kB]
#6 45.45 Get:175 http://deb.debian.org/debian trixie/main amd64 libproj25 amd64 9.6.0-1 [1453 kB]
#6 45.74 Get:176 http://deb.debian.org/debian trixie/main amd64 libgeotiff5 amd64 1.7.4-1 [68.3 kB]
#6 45.76 Get:177 http://deb.debian.org/debian trixie/main amd64 libgif7 amd64 5.2.2-1+b1 [44.2 kB]
#6 45.76 Get:178 http://deb.debian.org/debian trixie/main amd64 libsz2 amd64 1.1.3-1+b1 [8080 B]
#6 45.78 Get:179 http://deb.debian.org/debian trixie/main amd64 libhdf4-0-alt amd64 4.3.0-1+b1 [269 kB]
#6 45.86 Get:180 http://deb.debian.org/debian trixie/main amd64 libhdf5-310 amd64 1.14.5+repack-3 [1344 kB]
#6 46.13 Get:181 http://deb.debian.org/debian trixie/main amd64 libheif-plugin-dav1d amd64 1.19.8-1 [11.7 kB]
#6 46.14 Get:182 http://deb.debian.org/debian trixie/main amd64 libde265-0 amd64 1.0.15-1+b3 [189 kB]
#6 46.17 Get:183 http://deb.debian.org/debian trixie/main amd64 libheif-plugin-libde265 amd64 1.19.8-1 [15.3 kB]
#6 46.19 Get:184 http://deb.debian.org/debian trixie/main amd64 libheif1 amd64 1.19.8-1 [520 kB]
#6 46.30 Get:185 http://deb.debian.org/debian trixie/main amd64 libjson-c5 amd64 0.18+ds-1 [46.0 kB]
#6 46.31 Get:186 http://deb.debian.org/debian trixie/main amd64 liburiparser1 amd64 0.9.8+dfsg-2 [45.5 kB]
#6 46.32 Get:187 http://deb.debian.org/debian trixie/main amd64 libkmlbase1t64 amd64 1.3.0-12+b2 [50.5 kB]
#6 46.34 Get:188 http://deb.debian.org/debian trixie/main amd64 libkmldom1t64 amd64 1.3.0-12+b2 [158 kB]
#6 46.38 Get:189 http://deb.debian.org/debian trixie/main amd64 libkmlengine1t64 amd64 1.3.0-12+b2 [80.1 kB]
#6 46.39 Get:190 http://deb.debian.org/debian trixie/main amd64 libhdf5-hl-310 amd64 1.14.5+repack-3 [69.3 kB]
#6 46.44 Get:191 http://deb.debian.org/debian trixie/main amd64 libxml2 amd64 2.12.7+dfsg+really2.9.14-2.1+deb13u2 [698 kB]
#6 46.58 Get:192 http://deb.debian.org/debian trixie/main amd64 libnetcdf22 amd64 1:4.9.3-1 [517 kB]
#6 46.71 Get:193 http://deb.debian.org/debian trixie/main amd64 libltdl7 amd64 2.5.4-4 [416 kB]
#6 46.80 Get:194 http://deb.debian.org/debian trixie/main amd64 libodbc2 amd64 2.3.12-2 [151 kB]
#6 46.84 Get:195 http://deb.debian.org/debian trixie/main amd64 unixodbc-common all 2.3.12-2 [8640 B]
#6 46.84 Get:196 http://deb.debian.org/debian trixie/main amd64 libodbcinst2 amd64 2.3.12-2 [35.1 kB]
#6 46.87 Get:197 http://deb.debian.org/debian trixie/main amd64 libogdi4.1 amd64 4.1.1+ds-5 [217 kB]
#6 46.92 Get:198 http://deb.debian.org/debian-security trixie-security/main amd64 libopenjp2-7 amd64 2.5.3-2.1~deb13u2 [205 kB]
#6 47.08 Get:199 http://deb.debian.org/debian trixie/main amd64 libpng16-16t64 amd64 1.6.48-1+deb13u5 [283 kB]
#6 47.23 Get:200 http://deb.debian.org/debian trixie/main amd64 libfreetype6 amd64 2.13.3+dfsg-1+deb13u1 [452 kB]
#6 47.35 Get:201 http://deb.debian.org/debian trixie/main amd64 libfontconfig1 amd64 2.15.0-2.3 [392 kB]
#6 47.44 Get:202 http://deb.debian.org/debian trixie/main amd64 gnupg-l10n all 2.4.7-21+deb13u1 [749 kB]
#6 47.72 Get:203 http://deb.debian.org/debian trixie/main amd64 gpg amd64 2.4.7-21+deb13u1+b3 [635 kB]
#6 48.17 Get:204 http://deb.debian.org/debian trixie/main amd64 pinentry-curses amd64 1.3.1-2 [86.4 kB]
#6 48.21 Get:205 http://deb.debian.org/debian trixie/main amd64 gpg-agent amd64 2.4.7-21+deb13u1+b3 [271 kB]
#6 48.33 Get:206 http://deb.debian.org/debian trixie/main amd64 gpgsm amd64 2.4.7-21+deb13u1+b3 [276 kB]
#6 48.44 Get:207 http://deb.debian.org/debian trixie/main amd64 gnupg all 2.4.7-21+deb13u1 [417 kB]
#6 48.61 Get:208 http://deb.debian.org/debian trixie/main amd64 libgpgme11t64 amd64 1.24.2-3 [346 kB]
#6 48.77 Get:209 http://deb.debian.org/debian trixie/main amd64 libgpgmepp6t64 amd64 1.24.2-3 [341 kB]
#6 48.87 Get:210 http://deb.debian.org/debian trixie/main amd64 liblcms2-2 amd64 2.16-2+deb13u2 [160 kB]
#6 48.92 Get:211 http://deb.debian.org/debian trixie/main amd64 libnspr4 amd64 2:4.36-1 [110 kB]
#6 48.95 Get:212 http://deb.debian.org/debian-security trixie-security/main amd64 libnss3 amd64 2:3.110-1+deb13u2 [1395 kB]
#6 49.37 Get:213 http://deb.debian.org/debian-security trixie-security/main amd64 libpoppler147 amd64 25.03.0-5+deb13u3 [2034 kB]
#6 49.95 Get:214 http://deb.debian.org/debian-security trixie-security/main amd64 libpq5 amd64 17.10-0+deb13u1 [230 kB]
#6 50.03 Get:215 http://deb.debian.org/debian trixie/main amd64 libqhull-r8.0 amd64 2020.2-6+b2 [248 kB]
#6 50.11 Get:216 http://deb.debian.org/debian trixie/main amd64 librttopo1 amd64 1.1.0-4 [179 kB]
#6 50.18 Get:217 http://deb.debian.org/debian trixie/main amd64 libspatialite8t64 amd64 5.1.0-3+b2 [1864 kB]
#6 50.65 Get:218 http://deb.debian.org/debian trixie/main amd64 libicu76 amd64 76.1-4 [9722 kB]
#6 52.85 Get:219 http://deb.debian.org/debian trixie/main amd64 libxerces-c3.2t64 amd64 3.2.4+debian-1.3+b2 [898 kB]
#6 53.11 Get:220 http://deb.debian.org/debian trixie/main amd64 libgdal36 amd64 3.10.3+dfsg-1 [9260 kB]
#6 55.27 Get:221 http://deb.debian.org/debian trixie/main amd64 python3-gdal amd64 3.10.3+dfsg-1 [959 kB]
#6 55.47 Get:222 http://deb.debian.org/debian trixie/main amd64 gdal-bin amd64 3.10.3+dfsg-1 [759 kB]
#6 55.62 Get:223 http://deb.debian.org/debian trixie/main amd64 hdf5-helpers amd64 1.14.5+repack-3 [26.6 kB]
#6 55.65 Get:224 http://deb.debian.org/debian trixie/main amd64 icu-devtools amd64 76.1-4 [215 kB]
#6 55.69 Get:225 http://deb.debian.org/debian-security trixie-security/main amd64 libgssrpc4t64 amd64 1.21.3-5+deb13u1 [60.1 kB]
#6 55.70 Get:226 http://deb.debian.org/debian-security trixie-security/main amd64 libkadm5clnt-mit12 amd64 1.21.3-5+deb13u1 [42.6 kB]
#6 55.71 Get:227 http://deb.debian.org/debian-security trixie-security/main amd64 libkdb5-10t64 amd64 1.21.3-5+deb13u1 [42.8 kB]
#6 55.72 Get:228 http://deb.debian.org/debian-security trixie-security/main amd64 libkadm5srv-mit12 amd64 1.21.3-5+deb13u1 [54.4 kB]
#6 55.76 Get:229 http://deb.debian.org/debian-security trixie-security/main amd64 krb5-multidev amd64 1.21.3-5+deb13u1 [126 kB]
#6 55.78 Get:230 http://deb.debian.org/debian trixie/main amd64 libaec-dev amd64 1.1.3-1+b1 [21.5 kB]
#6 55.78 Get:231 http://deb.debian.org/debian trixie/main amd64 libaom-dev amd64 3.12.1-1 [2122 kB]
#6 56.24 Get:232 http://deb.debian.org/debian trixie/main amd64 libblas-dev amd64 3.12.1-6 [170 kB]
#6 56.52 Get:233 http://deb.debian.org/debian trixie/main amd64 liblapack-dev amd64 3.12.1-6 [4991 kB]
#6 58.06 Get:234 http://deb.debian.org/debian trixie/main amd64 libarpack2-dev amd64 3.9.1-6 [120 kB]
#6 58.13 Get:235 http://deb.debian.org/debian trixie/main amd64 libhdf5-fortran-310 amd64 1.14.5+repack-3 [111 kB]
#6 58.15 Get:236 http://deb.debian.org/debian trixie/main amd64 libhdf5-hl-fortran-310 amd64 1.14.5+repack-3 [43.9 kB]
#6 58.16 Get:237 http://deb.debian.org/debian trixie/main amd64 libhdf5-cpp-310 amd64 1.14.5+repack-3 [133 kB]
#6 58.19 Get:238 http://deb.debian.org/debian trixie/main amd64 libhdf5-hl-cpp-310 amd64 1.14.5+repack-3 [24.4 kB]
#6 58.21 Get:239 http://deb.debian.org/debian trixie/main amd64 libjpeg62-turbo-dev amd64 1:2.1.5-4 [292 kB]
#6 58.28 Get:240 http://deb.debian.org/debian trixie/main amd64 libjpeg-dev amd64 1:2.1.5-4 [72.2 kB]
#6 58.30 Get:241 http://deb.debian.org/debian trixie/main amd64 libbrotli-dev amd64 1.1.0-2+b7 [316 kB]
#6 58.40 Get:242 http://deb.debian.org/debian trixie/main amd64 libidn2-dev amd64 2.3.8-2 [103 kB]
#6 58.42 Get:243 http://deb.debian.org/debian-security trixie-security/main amd64 libkrb5-dev amd64 1.21.3-5+deb13u1 [16.2 kB]
#6 58.45 Get:244 http://deb.debian.org/debian trixie/main amd64 libldap-dev amd64 2.6.10+dfsg-1 [312 kB]
#6 58.50 Get:245 http://deb.debian.org/debian trixie/main amd64 libpkgconf3 amd64 1.8.1-4 [36.4 kB]
#6 58.50 Get:246 http://deb.debian.org/debian trixie/main amd64 pkgconf-bin amd64 1.8.1-4 [30.2 kB]
#6 58.51 Get:247 http://deb.debian.org/debian trixie/main amd64 pkgconf amd64 1.8.1-4 [26.2 kB]
#6 58.52 Get:248 http://deb.debian.org/debian-security trixie-security/main amd64 libnghttp2-dev amd64 1.64.0-1.1+deb13u1 [117 kB]
#6 58.58 Get:249 http://deb.debian.org/debian trixie/main amd64 libnghttp3-dev amd64 1.8.0-1 [91.3 kB]
#6 58.59 Get:250 http://deb.debian.org/debian trixie/main amd64 libpsl-dev amd64 0.21.2-1.1+b1 [77.6 kB]
#6 58.60 Get:251 http://deb.debian.org/debian trixie/main amd64 libgmpxx4ldbl amd64 2:6.3.0+dfsg-3 [329 kB]
#6 58.70 Get:252 http://deb.debian.org/debian trixie/main amd64 libgmp-dev amd64 2:6.3.0+dfsg-3 [642 kB]
#6 58.86 Get:253 http://deb.debian.org/debian trixie/main amd64 libevent-2.1-7t64 amd64 2.1.12-stable-10+b1 [182 kB]
#6 58.92 Get:254 http://deb.debian.org/debian-security trixie-security/main amd64 libunbound8 amd64 1.22.0-2+deb13u3 [599 kB]
#6 59.06 Get:255 http://deb.debian.org/debian-security trixie-security/main amd64 libgnutls-dane0t64 amd64 3.8.9-3+deb13u4 [456 kB]
#6 59.17 Get:256 http://deb.debian.org/debian-security trixie-security/main amd64 libgnutls-openssl27t64 amd64 3.8.9-3+deb13u4 [456 kB]
#6 59.28 Get:257 http://deb.debian.org/debian trixie/main amd64 libp11-kit-dev amd64 0.25.5-3 [208 kB]
#6 59.32 Get:258 http://deb.debian.org/debian trixie/main amd64 libtasn1-6-dev amd64 4.20.0-2 [99.2 kB]
#6 59.36 Get:259 http://deb.debian.org/debian trixie/main amd64 nettle-dev amd64 3.10.1-1 [1318 kB]
#6 59.66 Get:260 http://deb.debian.org/debian-security trixie-security/main amd64 libgnutls28-dev amd64 3.8.9-3+deb13u4 [1411 kB]
#6 59.97 Get:261 http://deb.debian.org/debian trixie/main amd64 librtmp-dev amd64 2.4+20151223.gitfa8646d.1-2+b5 [68.0 kB]
#6 59.98 Get:262 http://deb.debian.org/debian-security trixie-security/main amd64 libssh2-1-dev amd64 1.11.1-1+deb13u1 [394 kB]
#6 60.08 Get:263 http://deb.debian.org/debian trixie/main amd64 libzstd-dev amd64 1.5.7+dfsg-1 [371 kB]
#6 60.17 Get:264 http://deb.debian.org/debian trixie/main amd64 libcurl4-openssl-dev amd64 8.14.1-2+deb13u3 [510 kB]
#6 60.29 Get:265 http://deb.debian.org/debian trixie/main amd64 libhdf5-dev amd64 1.14.5+repack-3 [3165 kB]
#6 60.95 Get:266 http://deb.debian.org/debian trixie/main amd64 libsuperlu7 amd64 7.0.1+dfsg1-2 [174 kB]
#6 60.98 Get:267 http://deb.debian.org/debian trixie/main amd64 libsuperlu-dev amd64 7.0.1+dfsg1-2 [22.0 kB]
#6 60.99 Get:268 http://deb.debian.org/debian trixie/main amd64 libarmadillo-dev amd64 1:14.2.3+dfsg-1+b1 [414 kB]
#6 61.08 Get:269 http://deb.debian.org/debian trixie/main amd64 libdav1d-dev amd64 1.5.1-1 [26.6 kB]
#6 61.09 Get:270 http://deb.debian.org/debian trixie/main amd64 librav1e-dev amd64 0.7.1-9+b2 [14.4 kB]
#6 61.10 Get:271 http://deb.debian.org/debian trixie/main amd64 libsvtav1enc-dev amd64 2.3.0+dfsg-1 [33.0 kB]
#6 61.13 Get:272 http://deb.debian.org/debian trixie/main amd64 libyuv-dev amd64 0.0.1904.20250204-1 [226 kB]
#6 61.16 Get:273 http://deb.debian.org/debian trixie/main amd64 libavif-dev amd64 1.2.1-1.2 [59.0 kB]
#6 61.18 Get:274 http://deb.debian.org/debian trixie/main amd64 libblosc-dev amd64 1.21.5+ds-1+b2 [61.5 kB]
#6 61.23 Get:275 http://deb.debian.org/debian trixie/main amd64 libboost1.83-dev amd64 1.83.0-4.2 [10.6 MB]
#6 63.72 Get:276 http://deb.debian.org/debian trixie/main amd64 libboost-dev amd64 1.83.0.2+b2 [3836 B]
#6 63.72 Get:277 http://deb.debian.org/debian trixie/main amd64 libboost-serialization1.83.0 amd64 1.83.0-4.2 [333 kB]
#6 63.81 Get:278 http://deb.debian.org/debian trixie/main amd64 libcfitsio-dev amd64 4.6.2-2 [642 kB]
#6 63.93 Get:279 http://deb.debian.org/debian trixie/main amd64 libdeflate-dev amd64 1.23-2 [55.9 kB]
#6 63.95 Get:280 http://deb.debian.org/debian trixie/main amd64 libedit2 amd64 3.1-20250104-1 [93.8 kB]
#6 63.99 Get:281 http://deb.debian.org/debian trixie/main amd64 libexpat1-dev amd64 2.7.1-2 [161 kB]
#6 64.01 Get:282 http://deb.debian.org/debian trixie/main amd64 libminizip-dev amd64 1:1.3.dfsg+really1.3.1-1+b1 [61.0 kB]
#6 64.03 Get:283 http://deb.debian.org/debian trixie/main amd64 libfreexl-dev amd64 2.0.0-1+b3 [42.1 kB]
#6 64.07 Get:284 http://deb.debian.org/debian trixie/main amd64 libfyba-dev amd64 4.1.1-11+b1 [169 kB]
#6 64.10 Get:285 http://deb.debian.org/debian trixie/main amd64 libgeos-dev amd64 3.13.1-1 [58.6 kB]
#6 64.13 Get:286 http://deb.debian.org/debian trixie/main amd64 libsqlite3-dev amd64 3.46.1-7+deb13u1 [1109 kB]
#6 64.35 Get:287 http://deb.debian.org/debian trixie/main amd64 libjbig-dev amd64 2.1-6.1+b2 [31.4 kB]
#6 64.36 Get:288 http://deb.debian.org/debian trixie/main amd64 liblzma-dev amd64 5.8.1-1 [348 kB]
#6 64.44 Get:289 http://deb.debian.org/debian trixie/main amd64 libwebpdemux2 amd64 1.5.0-0.1 [113 kB]
#6 64.48 Get:290 http://deb.debian.org/debian trixie/main amd64 libwebpmux3 amd64 1.5.0-0.1 [126 kB]
#6 64.52 Get:291 http://deb.debian.org/debian trixie/main amd64 libwebpdecoder3 amd64 1.5.0-0.1 [208 kB]
#6 64.57 Get:292 http://deb.debian.org/debian trixie/main amd64 libsharpyuv-dev amd64 1.5.0-0.1 [120 kB]
#6 64.61 Get:293 http://deb.debian.org/debian trixie/main amd64 libwebp-dev amd64 1.5.0-0.1 [450 kB]
#6 64.71 Get:294 http://deb.debian.org/debian trixie/main amd64 libtiffxx6 amd64 4.7.0-3+deb13u2 [164 kB]
#6 64.76 Get:295 http://deb.debian.org/debian trixie/main amd64 liblerc-dev amd64 4.0.0+ds-5 [183 kB]
#6 64.81 Get:296 http://deb.debian.org/debian trixie/main amd64 libtiff-dev amd64 4.7.0-3+deb13u2 [488 kB]
#6 64.93 Get:297 http://deb.debian.org/debian trixie/main amd64 libproj-dev amd64 9.6.0-1 [137 kB]
#6 64.96 Get:298 http://deb.debian.org/debian trixie/main amd64 libgeotiff-dev amd64 1.7.4-1 [97.5 kB]
#6 64.98 Get:299 http://deb.debian.org/debian trixie/main amd64 libgif-dev amd64 5.2.2-1+b1 [47.0 kB]
#6 65.01 Get:300 http://deb.debian.org/debian trixie/main amd64 libxml2-dev amd64 2.12.7+dfsg+really2.9.14-2.1+deb13u2 [794 kB]
#6 65.18 Get:301 http://deb.debian.org/debian trixie/main amd64 libnetcdf-dev amd64 1:4.9.3-1 [116 kB]
#6 65.22 Get:302 http://deb.debian.org/debian trixie/main amd64 libhdf4-alt-dev amd64 4.3.0-1+b1 [324 kB]
#6 65.28 Get:303 http://deb.debian.org/debian trixie/main amd64 libheif-dev amd64 1.19.8-1 [51.3 kB]
#6 65.29 Get:304 http://deb.debian.org/debian trixie/main amd64 libjson-c-dev amd64 0.18+ds-1 [74.8 kB]
#6 65.31 Get:305 http://deb.debian.org/debian trixie/main amd64 libkmlconvenience1t64 amd64 1.3.0-12+b2 [49.8 kB]
#6 65.32 Get:306 http://deb.debian.org/debian trixie/main amd64 libkmlregionator1t64 amd64 1.3.0-12+b2 [22.8 kB]
#6 65.32 Get:307 http://deb.debian.org/debian trixie/main amd64 libkmlxsd1t64 amd64 1.3.0-12+b2 [31.1 kB]
#6 65.33 Get:308 http://deb.debian.org/debian trixie/main amd64 liburiparser-dev amd64 0.9.8+dfsg-2 [26.7 kB]
#6 65.35 Get:309 http://deb.debian.org/debian trixie/main amd64 libkml-dev amd64 1.3.0-12+b2 [662 kB]
#6 65.78 Get:310 http://deb.debian.org/debian trixie/main amd64 libltdl-dev amd64 2.5.4-4 [168 kB]
#6 65.83 Get:311 http://deb.debian.org/debian trixie/main amd64 libxxhash-dev amd64 0.8.3-2 [81.0 kB]
#6 65.84 Get:312 http://deb.debian.org/debian trixie/main amd64 liblz4-dev amd64 1.10.0-4 [88.4 kB]
#6 65.88 Get:313 http://deb.debian.org/debian trixie/main amd64 libtirpc-dev amd64 1.3.6+ds-1 [191 kB]
#6 65.91 Get:314 http://deb.debian.org/debian trixie/main amd64 libogdi-dev amd64 4.1.1+ds-5 [35.5 kB]
#6 65.94 Get:315 http://deb.debian.org/debian-security trixie-security/main amd64 libopenjp2-7-dev amd64 2.5.3-2.1~deb13u2 [240 kB]
#6 66.00 Get:316 http://deb.debian.org/debian trixie/main amd64 libpcre2-16-0 amd64 10.46-1~deb13u1 [281 kB]
#6 66.06 Get:317 http://deb.debian.org/debian trixie/main amd64 libpcre2-32-0 amd64 10.46-1~deb13u1 [268 kB]
#6 66.11 Get:318 http://deb.debian.org/debian trixie/main amd64 libpcre2-posix3 amd64 10.46-1~deb13u1 [63.9 kB]
#6 66.12 Get:319 http://deb.debian.org/debian trixie/main amd64 libpcre2-dev amd64 10.46-1~deb13u1 [853 kB]
#6 66.31 Get:320 http://deb.debian.org/debian trixie/main amd64 libpng-dev amd64 1.6.48-1+deb13u5 [367 kB]
#6 66.38 Get:321 http://deb.debian.org/debian-security trixie-security/main amd64 libpoppler-dev amd64 25.03.0-5+deb13u3 [9584 B]
#6 66.40 Get:322 http://deb.debian.org/debian-security trixie-security/main amd64 libpoppler-private-dev amd64 25.03.0-5+deb13u3 [183 kB]
#6 66.43 Get:323 http://deb.debian.org/debian-security trixie-security/main amd64 libpq-dev amd64 17.10-0+deb13u1 [154 kB]
#6 66.47 Get:324 http://deb.debian.org/debian trixie/main amd64 libqhull8.0 amd64 2020.2-6+b2 [246 kB]
#6 66.55 Get:325 http://deb.debian.org/debian trixie/main amd64 libqhullcpp8.0 amd64 2020.2-6+b2 [108 kB]
#6 66.58 Get:326 http://deb.debian.org/debian trixie/main amd64 libqhull-dev amd64 2020.2-6+b2 [522 kB]
#6 66.73 Get:327 http://deb.debian.org/debian trixie/main amd64 librttopo-dev amd64 1.1.0-4 [220 kB]
#6 66.78 Get:328 http://deb.debian.org/debian trixie/main amd64 libspatialite-dev amd64 5.1.0-3+b2 [2025 kB]
#6 67.21 Get:329 http://deb.debian.org/debian trixie/main amd64 libicu-dev amd64 76.1-4 [10.8 MB]
#6 69.53 Get:330 http://deb.debian.org/debian trixie/main amd64 libxerces-c-dev amd64 3.2.4+debian-1.3+b2 [1708 kB]
#6 69.92 Get:331 http://deb.debian.org/debian trixie/main amd64 libodbccr2 amd64 2.3.12-2 [18.1 kB]
#6 69.93 Get:332 http://deb.debian.org/debian trixie/main amd64 unixodbc-dev amd64 2.3.12-2 [234 kB]
#6 70.01 Get:333 http://deb.debian.org/debian trixie/main amd64 libgdal-dev amd64 3.10.3+dfsg-1 [379 kB]
#6 70.11 Get:334 http://deb.debian.org/debian trixie/main amd64 libz3-4 amd64 4.13.3-1 [8560 kB]
#6 71.93 Get:335 http://deb.debian.org/debian trixie/main amd64 libllvm19 amd64 1:19.1.7-3+b1 [26.0 MB]
#6 102.4 Ign:335 http://deb.debian.org/debian trixie/main amd64 libllvm19 amd64 1:19.1.7-3+b1
#6 102.4 Get:336 http://deb.debian.org/debian trixie/main amd64 libmagic-mgc amd64 1:5.46-5 [338 kB]
#6 102.6 Get:337 http://deb.debian.org/debian trixie/main amd64 libmagic1t64 amd64 1:5.46-5 [109 kB]
#6 102.6 Get:338 http://deb.debian.org/debian-security trixie-security/main amd64 libopenjp2-tools amd64 2.5.3-2.1~deb13u2 [117 kB]
#6 102.8 Get:339 http://deb.debian.org/debian trixie/main amd64 libprotobuf-c1 amd64 1.5.1-1 [20.5 kB]
#6 102.8 Get:340 http://deb.debian.org/debian trixie/main amd64 libsfcgal2 amd64 2.0.0-1 [3000 kB]
#6 103.5 Get:341 http://deb.debian.org/debian trixie/main amd64 libtiff-tools amd64 4.7.0-3+deb13u2 [359 kB]
#6 103.5 Get:342 http://deb.debian.org/debian trixie/main amd64 libxslt1.1 amd64 1.1.35-1.2+deb13u3 [233 kB]
#6 103.6 Get:343 http://deb.debian.org/debian trixie/main amd64 make amd64 4.4.1-2 [463 kB]
#6 103.7 Get:344 http://deb.debian.org/debian-security trixie-security/main amd64 nginx-common all 1.26.3-3+deb13u7 [111 kB]
#6 103.8 Get:345 http://deb.debian.org/debian-security trixie-security/main amd64 nginx amd64 1.26.3-3+deb13u7 [612 kB]
#6 103.9 Get:335 http://deb.debian.org/debian trixie/main amd64 libllvm19 amd64 1:19.1.7-3+b1 [26.0 MB]
#6 109.6 Get:346 http://deb.debian.org/debian-security trixie-security/main amd64 postgresql-client-17 amd64 17.10-0+deb13u1 [2052 kB]
#6 110.1 Get:347 http://deb.debian.org/debian-security trixie-security/main amd64 postgresql-17 amd64 17.10-0+deb13u1 [16.6 MB]
#6 116.7 Get:348 http://deb.debian.org/debian trixie/main amd64 postgresql-17-postgis-3-scripts all 3.5.2+dfsg-1 [1278 kB]
#6 117.0 Get:349 http://deb.debian.org/debian trixie/main amd64 postgresql-17-postgis-3 amd64 3.5.2+dfsg-1 [3599 kB]
#6 124.2 Preconfiguring packages ...
#6 124.3 Fetched 296 MB in 1min 51s (2661 kB/s)
#6 124.3 Selecting previously unselected package libexpat1:amd64.
#6 124.3 (Reading database ... (Reading database ... 5%(Reading database ... 10%(Reading database ... 15%(Reading database ... 20%(Reading database ... 25%(Reading database ... 30%(Reading database ... 35%(Reading database ... 40%(Reading database ... 45%(Reading database ... 50%(Reading database ... 55%(Reading database ... 60%(Reading database ... 65%(Reading database ... 70%(Reading database ... 75%(Reading database ... 80%(Reading database ... 85%(Reading database ... 90%(Reading database ... 95%(Reading database ... 100%(Reading database ... 5645 files and directories currently installed.)
#6 124.3 Preparing to unpack .../00-libexpat1_2.7.1-2_amd64.deb ...
#6 124.4 Unpacking libexpat1:amd64 (2.7.1-2) ...
#6 124.4 Selecting previously unselected package perl-modules-5.40.
#6 124.4 Preparing to unpack .../01-perl-modules-5.40_5.40.1-6_all.deb ...
#6 124.5 Unpacking perl-modules-5.40 (5.40.1-6) ...
#6 124.7 Selecting previously unselected package libgdbm-compat4t64:amd64.
#6 124.7 Preparing to unpack .../02-libgdbm-compat4t64_1.24-2_amd64.deb ...
#6 124.8 Unpacking libgdbm-compat4t64:amd64 (1.24-2) ...
#6 124.9 Selecting previously unselected package libperl5.40:amd64.
#6 124.9 Preparing to unpack .../03-libperl5.40_5.40.1-6_amd64.deb ...
#6 124.9 Unpacking libperl5.40:amd64 (5.40.1-6) ...
#6 125.5 Selecting previously unselected package perl.
#6 125.5 Preparing to unpack .../04-perl_5.40.1-6_amd64.deb ...
#6 125.5 Unpacking perl (5.40.1-6) ...
#6 125.6 Selecting previously unselected package libjson-perl.
#6 125.6 Preparing to unpack .../05-libjson-perl_4.10000-1_all.deb ...
#6 125.6 Unpacking libjson-perl (4.10000-1) ...
#6 125.7 Selecting previously unselected package postgresql-client-common.
#6 125.7 Preparing to unpack .../06-postgresql-client-common_278_all.deb ...
#6 125.7 Unpacking postgresql-client-common (278) ...
#6 125.8 Selecting previously unselected package libio-pty-perl.
#6 125.8 Preparing to unpack .../07-libio-pty-perl_1%3a1.20-1+b3_amd64.deb ...
#6 125.8 Unpacking libio-pty-perl (1:1.20-1+b3) ...
#6 125.9 Selecting previously unselected package libipc-run-perl.
#6 125.9 Preparing to unpack .../08-libipc-run-perl_20231003.0-2_all.deb ...
#6 125.9 Unpacking libipc-run-perl (20231003.0-2) ...
#6 125.9 Selecting previously unselected package postgresql-common-dev.
#6 125.9 Preparing to unpack .../09-postgresql-common-dev_278_all.deb ...
#6 126.0 Unpacking postgresql-common-dev (278) ...
#6 126.1 Selecting previously unselected package ssl-cert.
#6 126.1 Preparing to unpack .../10-ssl-cert_1.1.3_all.deb ...
#6 126.1 Unpacking ssl-cert (1.1.3) ...
#6 126.1 Selecting previously unselected package libtext-charwidth-perl:amd64.
#6 126.1 Preparing to unpack .../11-libtext-charwidth-perl_0.04-11+b4_amd64.deb ...
#6 126.2 Unpacking libtext-charwidth-perl:amd64 (0.04-11+b4) ...
#6 126.2 Selecting previously unselected package libtext-wrapi18n-perl.
#6 126.2 Preparing to unpack .../12-libtext-wrapi18n-perl_0.06-10_all.deb ...
#6 126.2 Unpacking libtext-wrapi18n-perl (0.06-10) ...
#6 126.3 Selecting previously unselected package libproc2-0:amd64.
#6 126.3 Preparing to unpack .../13-libproc2-0_2%3a4.0.4-9_amd64.deb ...
#6 126.3 Unpacking libproc2-0:amd64 (2:4.0.4-9) ...
#6 126.5 Selecting previously unselected package procps.
#6 126.5 Preparing to unpack .../14-procps_2%3a4.0.4-9_amd64.deb ...
#6 126.5 Unpacking procps (2:4.0.4-9) ...
#6 126.6 Selecting previously unselected package sensible-utils.
#6 126.6 Preparing to unpack .../15-sensible-utils_0.0.25_all.deb ...
#6 126.6 Unpacking sensible-utils (0.0.25) ...
#6 126.7 Selecting previously unselected package ucf.
#6 126.7 Preparing to unpack .../16-ucf_3.0052_all.deb ...
#6 126.7 Moving old data out of the way
#6 126.7 Unpacking ucf (3.0052) ...
#6 126.9 Selecting previously unselected package postgresql-common.
#6 126.9 Preparing to unpack .../17-postgresql-common_278_all.deb ...
#6 126.9 Adding 'diversion of /usr/bin/pg_config to /usr/bin/pg_config.libpq-dev by postgresql-common'
#6 126.9 Unpacking postgresql-common (278) ...
#6 127.1 Selecting previously unselected package libpython3.13-minimal:amd64.
#6 127.1 Preparing to unpack .../18-libpython3.13-minimal_3.13.5-2+deb13u2_amd64.deb ...
#6 127.1 Unpacking libpython3.13-minimal:amd64 (3.13.5-2+deb13u2) ...
#6 127.2 Selecting previously unselected package python3.13-minimal.
#6 127.2 Preparing to unpack .../19-python3.13-minimal_3.13.5-2+deb13u2_amd64.deb ...
#6 127.2 Unpacking python3.13-minimal (3.13.5-2+deb13u2) ...
#6 127.4 Setting up libpython3.13-minimal:amd64 (3.13.5-2+deb13u2) ...
#6 127.5 Setting up libexpat1:amd64 (2.7.1-2) ...
#6 127.5 Setting up python3.13-minimal (3.13.5-2+deb13u2) ...
#6 128.3 Selecting previously unselected package python3-minimal.
#6 128.3 (Reading database ... (Reading database ... 5%(Reading database ... 10%(Reading database ... 15%(Reading database ... 20%(Reading database ... 25%(Reading database ... 30%(Reading database ... 35%(Reading database ... 40%(Reading database ... 45%(Reading database ... 50%(Reading database ... 55%(Reading database ... 60%(Reading database ... 65%(Reading database ... 70%(Reading database ... 75%(Reading database ... 80%(Reading database ... 85%(Reading database ... 90%(Reading database ... 95%(Reading database ... 100%(Reading database ... 8672 files and directories currently installed.)
#6 128.3 Preparing to unpack .../python3-minimal_3.13.5-1_amd64.deb ...
#6 128.3 Unpacking python3-minimal (3.13.5-1) ...
#6 128.4 Selecting previously unselected package media-types.
#6 128.4 Preparing to unpack .../media-types_13.0.0_all.deb ...
#6 128.4 Unpacking media-types (13.0.0) ...
#6 128.5 Selecting previously unselected package libpython3.13-stdlib:amd64.
#6 128.5 Preparing to unpack .../libpython3.13-stdlib_3.13.5-2+deb13u2_amd64.deb ...
#6 128.5 Unpacking libpython3.13-stdlib:amd64 (3.13.5-2+deb13u2) ...
#6 128.7 Selecting previously unselected package python3.13.
#6 128.7 Preparing to unpack .../python3.13_3.13.5-2+deb13u2_amd64.deb ...
#6 128.7 Unpacking python3.13 (3.13.5-2+deb13u2) ...
#6 128.8 Selecting previously unselected package libpython3-stdlib:amd64.
#6 128.8 Preparing to unpack .../libpython3-stdlib_3.13.5-1_amd64.deb ...
#6 128.8 Unpacking libpython3-stdlib:amd64 (3.13.5-1) ...
#6 128.9 Setting up python3-minimal (3.13.5-1) ...
#6 129.1 Selecting previously unselected package python3.
#6 129.1 (Reading database ... (Reading database ... 5%(Reading database ... 10%(Reading database ... 15%(Reading database ... 20%(Reading database ... 25%(Reading database ... 30%(Reading database ... 35%(Reading database ... 40%(Reading database ... 45%(Reading database ... 50%(Reading database ... 55%(Reading database ... 60%(Reading database ... 65%(Reading database ... 70%(Reading database ... 75%(Reading database ... 80%(Reading database ... 85%(Reading database ... 90%(Reading database ... 95%(Reading database ... 100%(Reading database ... 9126 files and directories currently installed.)
#6 129.1 Preparing to unpack .../000-python3_3.13.5-1_amd64.deb ...
#6 129.1 Unpacking python3 (3.13.5-1) ...
#6 129.2 Selecting previously unselected package python3-numpy-dev:amd64.
#6 129.2 Preparing to unpack .../001-python3-numpy-dev_1%3a2.2.4+ds-1_amd64.deb ...
#6 129.2 Unpacking python3-numpy-dev:amd64 (1:2.2.4+ds-1) ...
#6 129.4 Selecting previously unselected package libblas3:amd64.
#6 129.4 Preparing to unpack .../002-libblas3_3.12.1-6_amd64.deb ...
#6 129.4 Unpacking libblas3:amd64 (3.12.1-6) ...
#6 129.5 Selecting previously unselected package libgfortran5:amd64.
#6 129.5 Preparing to unpack .../003-libgfortran5_14.2.0-19_amd64.deb ...
#6 129.5 Unpacking libgfortran5:amd64 (14.2.0-19) ...
#6 129.8 Selecting previously unselected package liblapack3:amd64.
#6 129.8 Preparing to unpack .../004-liblapack3_3.12.1-6_amd64.deb ...
#6 129.8 Unpacking liblapack3:amd64 (3.12.1-6) ...
#6 130.0 Selecting previously unselected package python3-numpy.
#6 130.0 Preparing to unpack .../005-python3-numpy_1%3a2.2.4+ds-1_amd64.deb ...
#6 130.0 Unpacking python3-numpy (1:2.2.4+ds-1) ...
#6 130.5 Selecting previously unselected package libatomic1:amd64.
#6 130.5 Preparing to unpack .../006-libatomic1_14.2.0-19_amd64.deb ...
#6 130.5 Unpacking libatomic1:amd64 (14.2.0-19) ...
#6 130.6 Selecting previously unselected package libjemalloc2:amd64.
#6 130.6 Preparing to unpack .../007-libjemalloc2_5.3.0-3_amd64.deb ...
#6 130.6 Unpacking libjemalloc2:amd64 (5.3.0-3) ...
#6 130.7 Selecting previously unselected package liblzf1:amd64.
#6 130.7 Preparing to unpack .../008-liblzf1_3.6-4+b3_amd64.deb ...
#6 130.7 Unpacking liblzf1:amd64 (3.6-4+b3) ...
#6 130.8 Selecting previously unselected package redis-tools.
#6 130.8 Preparing to unpack .../009-redis-tools_5%3a8.0.2-3+deb13u2_amd64.deb ...
#6 130.8 Unpacking redis-tools (5:8.0.2-3+deb13u2) ...
#6 131.0 Selecting previously unselected package redis-server.
#6 131.0 Preparing to unpack .../010-redis-server_5%3a8.0.2-3+deb13u2_amd64.deb ...
#6 131.0 Unpacking redis-server (5:8.0.2-3+deb13u2) ...
#6 131.1 Selecting previously unselected package python3-autocommand.
#6 131.1 Preparing to unpack .../011-python3-autocommand_2.2.2-3_all.deb ...
#6 131.1 Unpacking python3-autocommand (2.2.2-3) ...
#6 131.2 Selecting previously unselected package python3-more-itertools.
#6 131.2 Preparing to unpack .../012-python3-more-itertools_10.7.0-1_all.deb ...
#6 131.2 Unpacking python3-more-itertools (10.7.0-1) ...
#6 131.3 Selecting previously unselected package python3-typing-extensions.
#6 131.3 Preparing to unpack .../013-python3-typing-extensions_4.13.2-1_all.deb ...
#6 131.3 Unpacking python3-typing-extensions (4.13.2-1) ...
#6 131.4 Selecting previously unselected package python3-typeguard.
#6 131.4 Preparing to unpack .../014-python3-typeguard_4.4.2-1_all.deb ...
#6 131.5 Unpacking python3-typeguard (4.4.2-1) ...
#6 131.5 Selecting previously unselected package python3-inflect.
#6 131.5 Preparing to unpack .../015-python3-inflect_7.3.1-2_all.deb ...
#6 131.6 Unpacking python3-inflect (7.3.1-2) ...
#6 131.6 Selecting previously unselected package python3-jaraco.context.
#6 131.6 Preparing to unpack .../016-python3-jaraco.context_6.0.1-1+deb13u1_all.deb ...
#6 131.6 Unpacking python3-jaraco.context (6.0.1-1+deb13u1) ...
#6 131.7 Selecting previously unselected package python3-jaraco.functools.
#6 131.7 Preparing to unpack .../017-python3-jaraco.functools_4.1.0-1_all.deb ...
#6 131.7 Unpacking python3-jaraco.functools (4.1.0-1) ...
#6 131.8 Selecting previously unselected package python3-pkg-resources.
#6 131.8 Preparing to unpack .../018-python3-pkg-resources_78.1.1-0.1_all.deb ...
#6 131.8 Unpacking python3-pkg-resources (78.1.1-0.1) ...
#6 132.0 Selecting previously unselected package supervisor.
#6 132.0 Preparing to unpack .../019-supervisor_4.2.5-3_all.deb ...
#6 132.0 Unpacking supervisor (4.2.5-3) ...
#6 132.1 Selecting previously unselected package libelf1t64:amd64.
#6 132.1 Preparing to unpack .../020-libelf1t64_0.192-4_amd64.deb ...
#6 132.1 Unpacking libelf1t64:amd64 (0.192-4) ...
#6 132.2 Selecting previously unselected package libbpf1:amd64.
#6 132.2 Preparing to unpack .../021-libbpf1_1%3a1.5.0-3_amd64.deb ...
#6 132.2 Unpacking libbpf1:amd64 (1:1.5.0-3) ...
#6 132.4 Selecting previously unselected package libmnl0:amd64.
#6 132.4 Preparing to unpack .../022-libmnl0_1.0.5-3_amd64.deb ...
#6 132.4 Unpacking libmnl0:amd64 (1.0.5-3) ...
#6 132.5 Selecting previously unselected package libkrb5support0:amd64.
#6 132.5 Preparing to unpack .../023-libkrb5support0_1.21.3-5+deb13u1_amd64.deb ...
#6 132.5 Unpacking libkrb5support0:amd64 (1.21.3-5+deb13u1) ...
#6 132.6 Selecting previously unselected package libcom-err2:amd64.
#6 132.6 Preparing to unpack .../024-libcom-err2_1.47.2-3+b11_amd64.deb ...
#6 132.6 Unpacking libcom-err2:amd64 (1.47.2-3+b11) ...
#6 132.7 Selecting previously unselected package libk5crypto3:amd64.
#6 132.7 Preparing to unpack .../025-libk5crypto3_1.21.3-5+deb13u1_amd64.deb ...
#6 132.7 Unpacking libk5crypto3:amd64 (1.21.3-5+deb13u1) ...
#6 132.8 Selecting previously unselected package libkeyutils1:amd64.
#6 132.8 Preparing to unpack .../026-libkeyutils1_1.6.3-6_amd64.deb ...
#6 132.8 Unpacking libkeyutils1:amd64 (1.6.3-6) ...
#6 132.9 Selecting previously unselected package libkrb5-3:amd64.
#6 132.9 Preparing to unpack .../027-libkrb5-3_1.21.3-5+deb13u1_amd64.deb ...
#6 132.9 Unpacking libkrb5-3:amd64 (1.21.3-5+deb13u1) ...
#6 133.0 Selecting previously unselected package libgssapi-krb5-2:amd64.
#6 133.0 Preparing to unpack .../028-libgssapi-krb5-2_1.21.3-5+deb13u1_amd64.deb ...
#6 133.0 Unpacking libgssapi-krb5-2:amd64 (1.21.3-5+deb13u1) ...
#6 133.1 Selecting previously unselected package libtirpc-common.
#6 133.1 Preparing to unpack .../029-libtirpc-common_1.3.6+ds-1_all.deb ...
#6 133.1 Unpacking libtirpc-common (1.3.6+ds-1) ...
#6 133.3 Selecting previously unselected package libtirpc3t64:amd64.
#6 133.3 Preparing to unpack .../030-libtirpc3t64_1.3.6+ds-1_amd64.deb ...
#6 133.3 Adding 'diversion of /lib/x86_64-linux-gnu/libtirpc.so.3 to /lib/x86_64-linux-gnu/libtirpc.so.3.usr-is-merged by libtirpc3t64'
#6 133.3 Adding 'diversion of /lib/x86_64-linux-gnu/libtirpc.so.3.0.0 to /lib/x86_64-linux-gnu/libtirpc.so.3.0.0.usr-is-merged by libtirpc3t64'
#6 133.3 Unpacking libtirpc3t64:amd64 (1.3.6+ds-1) ...
#6 133.5 Selecting previously unselected package libxtables12:amd64.
#6 133.5 Preparing to unpack .../031-libxtables12_1.8.11-2_amd64.deb ...
#6 133.5 Unpacking libxtables12:amd64 (1.8.11-2) ...
#6 133.6 Selecting previously unselected package libcap2-bin.
#6 133.6 Preparing to unpack .../032-libcap2-bin_1%3a2.75-10+deb13u1+b1_amd64.deb ...
#6 133.6 Unpacking libcap2-bin (1:2.75-10+deb13u1+b1) ...
#6 133.7 Selecting previously unselected package iproute2.
#6 133.7 Preparing to unpack .../033-iproute2_6.15.0-1_amd64.deb ...
#6 133.8 Unpacking iproute2 (6.15.0-1) ...
#6 133.9 Selecting previously unselected package libc-l10n.
#6 133.9 Preparing to unpack .../034-libc-l10n_2.41-12+deb13u3_all.deb ...
#6 133.9 Unpacking libc-l10n (2.41-12+deb13u3) ...
#6 134.1 Selecting previously unselected package locales.
#6 134.1 Preparing to unpack .../035-locales_2.41-12+deb13u3_all.deb ...
#6 134.1 Unpacking locales (2.41-12+deb13u3) ...
#6 134.4 Selecting previously unselected package libunistring5:amd64.
#6 134.4 Preparing to unpack .../036-libunistring5_1.3-2_amd64.deb ...
#6 134.4 Unpacking libunistring5:amd64 (1.3-2) ...
#6 134.5 Selecting previously unselected package libidn2-0:amd64.
#6 134.5 Preparing to unpack .../037-libidn2-0_2.3.8-2_amd64.deb ...
#6 134.5 Unpacking libidn2-0:amd64 (2.3.8-2) ...
#6 134.6 Selecting previously unselected package libp11-kit0:amd64.
#6 134.6 Preparing to unpack .../038-libp11-kit0_0.25.5-3_amd64.deb ...
#6 134.7 Unpacking libp11-kit0:amd64 (0.25.5-3) ...
#6 134.8 Selecting previously unselected package libtasn1-6:amd64.
#6 134.8 Preparing to unpack .../039-libtasn1-6_4.20.0-2_amd64.deb ...
#6 134.8 Unpacking libtasn1-6:amd64 (4.20.0-2) ...
#6 134.9 Selecting previously unselected package libgnutls30t64:amd64.
#6 134.9 Preparing to unpack .../040-libgnutls30t64_3.8.9-3+deb13u4_amd64.deb ...
#6 134.9 Unpacking libgnutls30t64:amd64 (3.8.9-3+deb13u4) ...
#6 135.0 Selecting previously unselected package libpsl5t64:amd64.
#6 135.0 Preparing to unpack .../041-libpsl5t64_0.21.2-1.1+b1_amd64.deb ...
#6 135.0 Unpacking libpsl5t64:amd64 (0.21.2-1.1+b1) ...
#6 135.3 Selecting previously unselected package wget.
#6 135.3 Preparing to unpack .../042-wget_1.25.0-2_amd64.deb ...
#6 135.3 Unpacking wget (1.25.0-2) ...
#6 135.5 Selecting previously unselected package m4.
#6 135.5 Preparing to unpack .../043-m4_1.4.19-8_amd64.deb ...
#6 135.5 Unpacking m4 (1.4.19-8) ...
#6 135.6 Selecting previously unselected package autoconf.
#6 135.6 Preparing to unpack .../044-autoconf_2.72-3.1_all.deb ...
#6 135.6 Unpacking autoconf (2.72-3.1) ...
#6 135.8 Selecting previously unselected package autotools-dev.
#6 135.8 Preparing to unpack .../045-autotools-dev_20240727.1_all.deb ...
#6 135.8 Unpacking autotools-dev (20240727.1) ...
#6 135.9 Selecting previously unselected package automake.
#6 135.9 Preparing to unpack .../046-automake_1%3a1.17-4_all.deb ...
#6 136.0 Unpacking automake (1:1.17-4) ...
#6 136.3 Selecting previously unselected package libsframe1:amd64.
#6 136.3 Preparing to unpack .../047-libsframe1_2.44-3_amd64.deb ...
#6 136.4 Unpacking libsframe1:amd64 (2.44-3) ...
#6 136.5 Selecting previously unselected package binutils-common:amd64.
#6 136.5 Preparing to unpack .../048-binutils-common_2.44-3_amd64.deb ...
#6 136.5 Unpacking binutils-common:amd64 (2.44-3) ...
#6 136.8 Selecting previously unselected package libbinutils:amd64.
#6 136.8 Preparing to unpack .../049-libbinutils_2.44-3_amd64.deb ...
#6 136.8 Unpacking libbinutils:amd64 (2.44-3) ...
#6 137.1 Selecting previously unselected package libgprofng0:amd64.
#6 137.1 Preparing to unpack .../050-libgprofng0_2.44-3_amd64.deb ...
#6 137.1 Unpacking libgprofng0:amd64 (2.44-3) ...
#6 137.3 Selecting previously unselected package libctf-nobfd0:amd64.
#6 137.3 Preparing to unpack .../051-libctf-nobfd0_2.44-3_amd64.deb ...
#6 137.3 Unpacking libctf-nobfd0:amd64 (2.44-3) ...
#6 137.5 Selecting previously unselected package libctf0:amd64.
#6 137.5 Preparing to unpack .../052-libctf0_2.44-3_amd64.deb ...
#6 137.6 Unpacking libctf0:amd64 (2.44-3) ...
#6 137.8 Selecting previously unselected package libjansson4:amd64.
#6 137.8 Preparing to unpack .../053-libjansson4_2.14-2+b3_amd64.deb ...
#6 137.8 Unpacking libjansson4:amd64 (2.14-2+b3) ...
#6 137.9 Selecting previously unselected package binutils-x86-64-linux-gnu.
#6 137.9 Preparing to unpack .../054-binutils-x86-64-linux-gnu_2.44-3_amd64.deb ...
#6 137.9 Unpacking binutils-x86-64-linux-gnu (2.44-3) ...
#6 138.2 Selecting previously unselected package binutils.
#6 138.2 Preparing to unpack .../055-binutils_2.44-3_amd64.deb ...
#6 138.2 Unpacking binutils (2.44-3) ...
#6 138.3 Selecting previously unselected package cfortran.
#6 138.3 Preparing to unpack .../056-cfortran_20210827-1.1_all.deb ...
#6 138.3 Unpacking cfortran (20210827-1.1) ...
#6 138.4 Selecting previously unselected package libc-dev-bin.
#6 138.4 Preparing to unpack .../057-libc-dev-bin_2.41-12+deb13u3_amd64.deb ...
#6 138.4 Unpacking libc-dev-bin (2.41-12+deb13u3) ...
#6 138.5 Selecting previously unselected package linux-libc-dev.
#6 138.5 Preparing to unpack .../058-linux-libc-dev_6.12.95-1_all.deb ...
#6 138.5 Unpacking linux-libc-dev (6.12.95-1) ...
#6 138.8 Selecting previously unselected package libcrypt-dev:amd64.
#6 138.8 Preparing to unpack .../059-libcrypt-dev_1%3a4.4.38-1_amd64.deb ...
#6 138.8 Unpacking libcrypt-dev:amd64 (1:4.4.38-1) ...
#6 138.9 Selecting previously unselected package rpcsvc-proto.
#6 138.9 Preparing to unpack .../060-rpcsvc-proto_1.4.3-1_amd64.deb ...
#6 138.9 Unpacking rpcsvc-proto (1.4.3-1) ...
#6 139.0 Selecting previously unselected package libc6-dev:amd64.
#6 139.0 Preparing to unpack .../061-libc6-dev_2.41-12+deb13u3_amd64.deb ...
#6 139.0 Unpacking libc6-dev:amd64 (2.41-12+deb13u3) ...
#6 139.2 Selecting previously unselected package comerr-dev:amd64.
#6 139.2 Preparing to unpack .../062-comerr-dev_2.1-1.47.2-3+b11_amd64.deb ...
#6 139.3 Unpacking comerr-dev:amd64 (2.1-1.47.2-3+b11) ...
#6 139.4 Selecting previously unselected package libisl23:amd64.
#6 139.4 Preparing to unpack .../063-libisl23_0.27-1_amd64.deb ...
#6 139.4 Unpacking libisl23:amd64 (0.27-1) ...
#6 139.5 Selecting previously unselected package libmpfr6:amd64.
#6 139.5 Preparing to unpack .../064-libmpfr6_4.2.2-1_amd64.deb ...
#6 139.5 Unpacking libmpfr6:amd64 (4.2.2-1) ...
#6 139.6 Selecting previously unselected package libmpc3:amd64.
#6 139.6 Preparing to unpack .../065-libmpc3_1.3.1-1+b3_amd64.deb ...
#6 139.6 Unpacking libmpc3:amd64 (1.3.1-1+b3) ...
#6 139.7 Selecting previously unselected package cpp-14-x86-64-linux-gnu.
#6 139.7 Preparing to unpack .../066-cpp-14-x86-64-linux-gnu_14.2.0-19_amd64.deb ...
#6 139.7 Unpacking cpp-14-x86-64-linux-gnu (14.2.0-19) ...
#6 140.4 Selecting previously unselected package cpp-14.
#6 140.4 Preparing to unpack .../067-cpp-14_14.2.0-19_amd64.deb ...
#6 140.4 Unpacking cpp-14 (14.2.0-19) ...
#6 140.5 Selecting previously unselected package cpp-x86-64-linux-gnu.
#6 140.5 Preparing to unpack .../068-cpp-x86-64-linux-gnu_4%3a14.2.0-1_amd64.deb ...
#6 140.5 Unpacking cpp-x86-64-linux-gnu (4:14.2.0-1) ...
#6 140.6 Selecting previously unselected package cpp.
#6 140.6 Preparing to unpack .../069-cpp_4%3a14.2.0-1_amd64.deb ...
#6 140.6 Unpacking cpp (4:14.2.0-1) ...
#6 140.7 Selecting previously unselected package libbrotli1:amd64.
#6 140.7 Preparing to unpack .../070-libbrotli1_1.1.0-2+b7_amd64.deb ...
#6 140.7 Unpacking libbrotli1:amd64 (1.1.0-2+b7) ...
#6 140.8 Selecting previously unselected package libsasl2-modules-db:amd64.
#6 140.8 Preparing to unpack .../071-libsasl2-modules-db_2.1.28+dfsg1-9_amd64.deb ...
#6 140.8 Unpacking libsasl2-modules-db:amd64 (2.1.28+dfsg1-9) ...
#6 140.9 Selecting previously unselected package libsasl2-2:amd64.
#6 140.9 Preparing to unpack .../072-libsasl2-2_2.1.28+dfsg1-9_amd64.deb ...
#6 140.9 Unpacking libsasl2-2:amd64 (2.1.28+dfsg1-9) ...
#6 141.0 Selecting previously unselected package libldap2:amd64.
#6 141.0 Preparing to unpack .../073-libldap2_2.6.10+dfsg-1_amd64.deb ...
#6 141.0 Unpacking libldap2:amd64 (2.6.10+dfsg-1) ...
#6 141.1 Selecting previously unselected package libnghttp2-14:amd64.
#6 141.1 Preparing to unpack .../074-libnghttp2-14_1.64.0-1.1+deb13u1_amd64.deb ...
#6 141.2 Unpacking libnghttp2-14:amd64 (1.64.0-1.1+deb13u1) ...
#6 141.2 Selecting previously unselected package libnghttp3-9:amd64.
#6 141.2 Preparing to unpack .../075-libnghttp3-9_1.8.0-1_amd64.deb ...
#6 141.3 Unpacking libnghttp3-9:amd64 (1.8.0-1) ...
#6 141.4 Selecting previously unselected package librtmp1:amd64.
#6 141.4 Preparing to unpack .../076-librtmp1_2.4+20151223.gitfa8646d.1-2+b5_amd64.deb ...
#6 141.4 Unpacking librtmp1:amd64 (2.4+20151223.gitfa8646d.1-2+b5) ...
#6 141.5 Selecting previously unselected package libssh2-1t64:amd64.
#6 141.5 Preparing to unpack .../077-libssh2-1t64_1.11.1-1+deb13u1_amd64.deb ...
#6 141.5 Unpacking libssh2-1t64:amd64 (1.11.1-1+deb13u1) ...
#6 141.6 Selecting previously unselected package libcurl4t64:amd64.
#6 141.6 Preparing to unpack .../078-libcurl4t64_8.14.1-2+deb13u3_amd64.deb ...
#6 141.6 Unpacking libcurl4t64:amd64 (8.14.1-2+deb13u3) ...
#6 141.7 Selecting previously unselected package curl.
#6 141.7 Preparing to unpack .../079-curl_8.14.1-2+deb13u3_amd64.deb ...
#6 141.7 Unpacking curl (8.14.1-2+deb13u3) ...
#6 141.8 Selecting previously unselected package mysql-common.
#6 141.8 Preparing to unpack .../080-mysql-common_5.8+1.1.1_all.deb ...
#6 141.9 Unpacking mysql-common (5.8+1.1.1) ...
#6 142.0 Selecting previously unselected package mariadb-common.
#6 142.0 Preparing to unpack .../081-mariadb-common_1%3a11.8.6-0+deb13u1_all.deb ...
#6 142.0 Unpacking mariadb-common (1:11.8.6-0+deb13u1) ...
#6 142.1 Selecting previously unselected package libmariadb3:amd64.
#6 142.1 Preparing to unpack .../082-libmariadb3_1%3a11.8.6-0+deb13u1_amd64.deb ...
#6 142.1 Unpacking libmariadb3:amd64 (1:11.8.6-0+deb13u1) ...
#6 142.3 Selecting previously unselected package libssl-dev:amd64.
#6 142.3 Preparing to unpack .../083-libssl-dev_3.5.6-1~deb13u2_amd64.deb ...
#6 142.3 Unpacking libssl-dev:amd64 (3.5.6-1~deb13u2) ...
#6 142.6 Selecting previously unselected package zlib1g-dev:amd64.
#6 142.6 Preparing to unpack .../084-zlib1g-dev_1%3a1.3.dfsg+really1.3.1-1+b1_amd64.deb ...
#6 142.6 Unpacking zlib1g-dev:amd64 (1:1.3.dfsg+really1.3.1-1+b1) ...
#6 142.8 Selecting previously unselected package libmariadb-dev.
#6 142.8 Preparing to unpack .../085-libmariadb-dev_1%3a11.8.6-0+deb13u1_amd64.deb ...
#6 142.9 Unpacking libmariadb-dev (1:11.8.6-0+deb13u1) ...
#6 142.9 Selecting previously unselected package libmariadb-dev-compat.
#6 142.9 Preparing to unpack .../086-libmariadb-dev-compat_1%3a11.8.6-0+deb13u1_amd64.deb ...
#6 143.0 Unpacking libmariadb-dev-compat (1:11.8.6-0+deb13u1) ...
#6 143.0 Selecting previously unselected package default-libmysqlclient-dev:amd64.
#6 143.0 Preparing to unpack .../087-default-libmysqlclient-dev_1.1.1_amd64.deb ...
#6 143.0 Unpacking default-libmysqlclient-dev:amd64 (1.1.1) ...
#6 143.1 Selecting previously unselected package libgpg-error0:amd64.
#6 143.1 Preparing to unpack .../088-libgpg-error0_1.51-4_amd64.deb ...
#6 143.2 Unpacking libgpg-error0:amd64 (1.51-4) ...
#6 143.3 Selecting previously unselected package libassuan9:amd64.
#6 143.3 Preparing to unpack .../089-libassuan9_3.0.2-2_amd64.deb ...
#6 143.3 Unpacking libassuan9:amd64 (3.0.2-2) ...
#6 143.4 Selecting previously unselected package libgcrypt20:amd64.
#6 143.4 Preparing to unpack .../090-libgcrypt20_1.11.0-7+deb13u1_amd64.deb ...
#6 143.4 Unpacking libgcrypt20:amd64 (1.11.0-7+deb13u1) ...
#6 143.5 Selecting previously unselected package gpgconf.
#6 143.5 Preparing to unpack .../091-gpgconf_2.4.7-21+deb13u1+b3_amd64.deb ...
#6 143.5 Unpacking gpgconf (2.4.7-21+deb13u1+b3) ...
#6 143.6 Selecting previously unselected package libksba8:amd64.
#6 143.6 Preparing to unpack .../092-libksba8_1.6.7-2+b1_amd64.deb ...
#6 143.6 Unpacking libksba8:amd64 (1.6.7-2+b1) ...
#6 143.7 Selecting previously unselected package libnpth0t64:amd64.
#6 143.7 Preparing to unpack .../093-libnpth0t64_1.8-3_amd64.deb ...
#6 143.7 Unpacking libnpth0t64:amd64 (1.8-3) ...
#6 143.8 Selecting previously unselected package dirmngr.
#6 143.8 Preparing to unpack .../094-dirmngr_2.4.7-21+deb13u1+b3_amd64.deb ...
#6 143.9 Unpacking dirmngr (2.4.7-21+deb13u1+b3) ...
#6 144.0 Selecting previously unselected package fonts-dejavu-mono.
#6 144.0 Preparing to unpack .../095-fonts-dejavu-mono_2.37-8_all.deb ...
#6 144.0 Unpacking fonts-dejavu-mono (2.37-8) ...
#6 144.2 Selecting previously unselected package fonts-dejavu-core.
#6 144.2 Preparing to unpack .../096-fonts-dejavu-core_2.37-8_all.deb ...
#6 144.2 Unpacking fonts-dejavu-core (2.37-8) ...
#6 144.4 Selecting previously unselected package fontconfig-config.
#6 144.4 Preparing to unpack .../097-fontconfig-config_2.15.0-2.3_amd64.deb ...
#6 144.4 Unpacking fontconfig-config (2.15.0-2.3) ...
#6 144.5 Selecting previously unselected package libcc1-0:amd64.
#6 144.5 Preparing to unpack .../098-libcc1-0_14.2.0-19_amd64.deb ...
#6 144.6 Unpacking libcc1-0:amd64 (14.2.0-19) ...
#6 144.7 Selecting previously unselected package libgomp1:amd64.
#6 144.7 Preparing to unpack .../099-libgomp1_14.2.0-19_amd64.deb ...
#6 144.7 Unpacking libgomp1:amd64 (14.2.0-19) ...
#6 144.8 Selecting previously unselected package libitm1:amd64.
#6 144.8 Preparing to unpack .../100-libitm1_14.2.0-19_amd64.deb ...
#6 144.9 Unpacking libitm1:amd64 (14.2.0-19) ...
#6 145.0 Selecting previously unselected package libasan8:amd64.
#6 145.0 Preparing to unpack .../101-libasan8_14.2.0-19_amd64.deb ...
#6 145.0 Unpacking libasan8:amd64 (14.2.0-19) ...
#6 145.2 Selecting previously unselected package liblsan0:amd64.
#6 145.2 Preparing to unpack .../102-liblsan0_14.2.0-19_amd64.deb ...
#6 145.2 Unpacking liblsan0:amd64 (14.2.0-19) ...
#6 145.4 Selecting previously unselected package libtsan2:amd64.
#6 145.4 Preparing to unpack .../103-libtsan2_14.2.0-19_amd64.deb ...
#6 145.4 Unpacking libtsan2:amd64 (14.2.0-19) ...
#6 145.6 Selecting previously unselected package libubsan1:amd64.
#6 145.6 Preparing to unpack .../104-libubsan1_14.2.0-19_amd64.deb ...
#6 145.6 Unpacking libubsan1:amd64 (14.2.0-19) ...
#6 145.8 Selecting previously unselected package libhwasan0:amd64.
#6 145.8 Preparing to unpack .../105-libhwasan0_14.2.0-19_amd64.deb ...
#6 145.8 Unpacking libhwasan0:amd64 (14.2.0-19) ...
#6 145.9 Selecting previously unselected package libquadmath0:amd64.
#6 145.9 Preparing to unpack .../106-libquadmath0_14.2.0-19_amd64.deb ...
#6 146.0 Unpacking libquadmath0:amd64 (14.2.0-19) ...
#6 146.0 Selecting previously unselected package libgcc-14-dev:amd64.
#6 146.0 Preparing to unpack .../107-libgcc-14-dev_14.2.0-19_amd64.deb ...
#6 146.1 Unpacking libgcc-14-dev:amd64 (14.2.0-19) ...
#6 146.3 Selecting previously unselected package gcc-14-x86-64-linux-gnu.
#6 146.3 Preparing to unpack .../108-gcc-14-x86-64-linux-gnu_14.2.0-19_amd64.deb ...
#6 146.3 Unpacking gcc-14-x86-64-linux-gnu (14.2.0-19) ...
#6 147.3 Selecting previously unselected package gcc-14.
#6 147.3 Preparing to unpack .../109-gcc-14_14.2.0-19_amd64.deb ...
#6 147.3 Unpacking gcc-14 (14.2.0-19) ...
#6 147.4 Selecting previously unselected package gcc-x86-64-linux-gnu.
#6 147.4 Preparing to unpack .../110-gcc-x86-64-linux-gnu_4%3a14.2.0-1_amd64.deb ...
#6 147.4 Unpacking gcc-x86-64-linux-gnu (4:14.2.0-1) ...
#6 147.5 Selecting previously unselected package gcc.
#6 147.5 Preparing to unpack .../111-gcc_4%3a14.2.0-1_amd64.deb ...
#6 147.5 Unpacking gcc (4:14.2.0-1) ...
#6 147.6 Selecting previously unselected package libstdc++-14-dev:amd64.
#6 147.6 Preparing to unpack .../112-libstdc++-14-dev_14.2.0-19_amd64.deb ...
#6 147.6 Unpacking libstdc++-14-dev:amd64 (14.2.0-19) ...
#6 147.8 Selecting previously unselected package g++-14-x86-64-linux-gnu.
#6 147.8 Preparing to unpack .../113-g++-14-x86-64-linux-gnu_14.2.0-19_amd64.deb ...
#6 147.8 Unpacking g++-14-x86-64-linux-gnu (14.2.0-19) ...
#6 148.5 Selecting previously unselected package g++-14.
#6 148.5 Preparing to unpack .../114-g++-14_14.2.0-19_amd64.deb ...
#6 148.5 Unpacking g++-14 (14.2.0-19) ...
#6 148.6 Selecting previously unselected package g++-x86-64-linux-gnu.
#6 148.6 Preparing to unpack .../115-g++-x86-64-linux-gnu_4%3a14.2.0-1_amd64.deb ...
#6 148.6 Unpacking g++-x86-64-linux-gnu (4:14.2.0-1) ...
#6 148.7 Selecting previously unselected package g++.
#6 148.7 Preparing to unpack .../116-g++_4%3a14.2.0-1_amd64.deb ...
#6 148.7 Unpacking g++ (4:14.2.0-1) ...
#6 148.8 Selecting previously unselected package gdal-data.
#6 148.8 Preparing to unpack .../117-gdal-data_3.10.3+dfsg-1_all.deb ...
#6 148.8 Unpacking gdal-data (3.10.3+dfsg-1) ...
#6 148.9 Selecting previously unselected package gdal-plugins:amd64.
#6 148.9 Preparing to unpack .../118-gdal-plugins_3.10.3+dfsg-1_amd64.deb ...
#6 148.9 Unpacking gdal-plugins:amd64 (3.10.3+dfsg-1) ...
#6 149.0 Selecting previously unselected package libaec0:amd64.
#6 149.0 Preparing to unpack .../119-libaec0_1.1.3-1+b1_amd64.deb ...
#6 149.0 Unpacking libaec0:amd64 (1.1.3-1+b1) ...
#6 149.1 Selecting previously unselected package libarpack2t64:amd64.
#6 149.1 Preparing to unpack .../120-libarpack2t64_3.9.1-6_amd64.deb ...
#6 149.1 Unpacking libarpack2t64:amd64 (3.9.1-6) ...
#6 149.2 Selecting previously unselected package libarmadillo14.
#6 149.2 Preparing to unpack .../121-libarmadillo14_1%3a14.2.3+dfsg-1+b1_amd64.deb ...
#6 149.2 Unpacking libarmadillo14 (1:14.2.3+dfsg-1+b1) ...
#6 149.3 Selecting previously unselected package libaom3:amd64.
#6 149.3 Preparing to unpack .../122-libaom3_3.12.1-1_amd64.deb ...
#6 149.4 Unpacking libaom3:amd64 (3.12.1-1) ...
#6 149.5 Selecting previously unselected package libdav1d7:amd64.
#6 149.5 Preparing to unpack .../123-libdav1d7_1.5.1-1_amd64.deb ...
#6 149.5 Unpacking libdav1d7:amd64 (1.5.1-1) ...
#6 149.7 Selecting previously unselected package libabsl20240722:amd64.
#6 149.7 Preparing to unpack .../124-libabsl20240722_20240722.0-4_amd64.deb ...
#6 149.7 Unpacking libabsl20240722:amd64 (20240722.0-4) ...
#6 149.8 Selecting previously unselected package libgav1-1:amd64.
#6 149.8 Preparing to unpack .../125-libgav1-1_0.19.0-3+b1_amd64.deb ...
#6 149.8 Unpacking libgav1-1:amd64 (0.19.0-3+b1) ...
#6 149.9 Selecting previously unselected package librav1e0.7:amd64.
#6 149.9 Preparing to unpack .../126-librav1e0.7_0.7.1-9+b2_amd64.deb ...
#6 149.9 Unpacking librav1e0.7:amd64 (0.7.1-9+b2) ...
#6 150.1 Selecting previously unselected package libsvtav1enc2:amd64.
#6 150.1 Preparing to unpack .../127-libsvtav1enc2_2.3.0+dfsg-1_amd64.deb ...
#6 150.1 Unpacking libsvtav1enc2:amd64 (2.3.0+dfsg-1) ...
#6 150.3 Selecting previously unselected package libjpeg62-turbo:amd64.
#6 150.3 Preparing to unpack .../128-libjpeg62-turbo_1%3a2.1.5-4_amd64.deb ...
#6 150.3 Unpacking libjpeg62-turbo:amd64 (1:2.1.5-4) ...
#6 150.4 Selecting previously unselected package libyuv0:amd64.
#6 150.4 Preparing to unpack .../129-libyuv0_0.0.1904.20250204-1_amd64.deb ...
#6 150.4 Unpacking libyuv0:amd64 (0.0.1904.20250204-1) ...
#6 150.5 Selecting previously unselected package libavif16:amd64.
#6 150.5 Preparing to unpack .../130-libavif16_1.2.1-1.2_amd64.deb ...
#6 150.5 Unpacking libavif16:amd64 (1.2.1-1.2) ...
#6 150.6 Selecting previously unselected package libsnappy1v5:amd64.
#6 150.6 Preparing to unpack .../131-libsnappy1v5_1.2.2-1_amd64.deb ...
#6 150.6 Unpacking libsnappy1v5:amd64 (1.2.2-1) ...
#6 150.7 Selecting previously unselected package libblosc1:amd64.
#6 150.7 Preparing to unpack .../132-libblosc1_1.21.5+ds-1+b2_amd64.deb ...
#6 150.7 Unpacking libblosc1:amd64 (1.21.5+ds-1+b2) ...
#6 150.9 Selecting previously unselected package libngtcp2-16:amd64.
#6 150.9 Preparing to unpack .../133-libngtcp2-16_1.11.0-1+deb13u1_amd64.deb ...
#6 150.9 Unpacking libngtcp2-16:amd64 (1.11.0-1+deb13u1) ...
#6 151.0 Selecting previously unselected package libngtcp2-crypto-gnutls8:amd64.
#6 151.0 Preparing to unpack .../134-libngtcp2-crypto-gnutls8_1.11.0-1+deb13u1_amd64.deb ...
#6 151.0 Unpacking libngtcp2-crypto-gnutls8:amd64 (1.11.0-1+deb13u1) ...
#6 151.1 Selecting previously unselected package libcurl3t64-gnutls:amd64.
#6 151.2 Preparing to unpack .../135-libcurl3t64-gnutls_8.14.1-2+deb13u3_amd64.deb ...
#6 151.3 Unpacking libcurl3t64-gnutls:amd64 (8.14.1-2+deb13u3) ...
#6 151.7 Selecting previously unselected package libcfitsio10t64:amd64.
#6 151.7 Preparing to unpack .../136-libcfitsio10t64_4.6.2-2_amd64.deb ...
#6 151.7 Unpacking libcfitsio10t64:amd64 (4.6.2-2) ...
#6 151.9 Selecting previously unselected package libdeflate0:amd64.
#6 151.9 Preparing to unpack .../137-libdeflate0_1.23-2_amd64.deb ...
#6 151.9 Unpacking libdeflate0:amd64 (1.23-2) ...
#6 152.0 Selecting previously unselected package libminizip1t64:amd64.
#6 152.0 Preparing to unpack .../138-libminizip1t64_1%3a1.3.dfsg+really1.3.1-1+b1_amd64.deb ...
#6 152.0 Unpacking libminizip1t64:amd64 (1:1.3.dfsg+really1.3.1-1+b1) ...
#6 152.1 Selecting previously unselected package libfreexl1:amd64.
#6 152.1 Preparing to unpack .../139-libfreexl1_2.0.0-1+b3_amd64.deb ...
#6 152.1 Unpacking libfreexl1:amd64 (2.0.0-1+b3) ...
#6 152.2 Selecting previously unselected package libfyba0t64:amd64.
#6 152.2 Preparing to unpack .../140-libfyba0t64_4.1.1-11+b1_amd64.deb ...
#6 152.2 Unpacking libfyba0t64:amd64 (4.1.1-11+b1) ...
#6 152.3 Selecting previously unselected package libgeos3.13.1:amd64.
#6 152.3 Preparing to unpack .../141-libgeos3.13.1_3.13.1-1_amd64.deb ...
#6 152.3 Unpacking libgeos3.13.1:amd64 (3.13.1-1) ...
#6 152.4 Selecting previously unselected package libgeos-c1t64:amd64.
#6 152.4 Preparing to unpack .../142-libgeos-c1t64_3.13.1-1_amd64.deb ...
#6 152.4 Unpacking libgeos-c1t64:amd64 (3.13.1-1) ...
#6 152.5 Selecting previously unselected package proj-data.
#6 152.5 Preparing to unpack .../143-proj-data_9.6.0-1_all.deb ...
#6 152.5 Unpacking proj-data (9.6.0-1) ...
#6 152.9 Selecting previously unselected package libjbig0:amd64.
#6 152.9 Preparing to unpack .../144-libjbig0_2.1-6.1+b2_amd64.deb ...
#6 152.9 Unpacking libjbig0:amd64 (2.1-6.1+b2) ...
#6 153.0 Selecting previously unselected package liblerc4:amd64.
#6 153.0 Preparing to unpack .../145-liblerc4_4.0.0+ds-5_amd64.deb ...
#6 153.0 Unpacking liblerc4:amd64 (4.0.0+ds-5) ...
#6 153.1 Selecting previously unselected package libsharpyuv0:amd64.
#6 153.1 Preparing to unpack .../146-libsharpyuv0_1.5.0-0.1_amd64.deb ...
#6 153.1 Unpacking libsharpyuv0:amd64 (1.5.0-0.1) ...
#6 153.2 Selecting previously unselected package libwebp7:amd64.
#6 153.2 Preparing to unpack .../147-libwebp7_1.5.0-0.1_amd64.deb ...
#6 153.2 Unpacking libwebp7:amd64 (1.5.0-0.1) ...
#6 153.3 Selecting previously unselected package libtiff6:amd64.
#6 153.3 Preparing to unpack .../148-libtiff6_4.7.0-3+deb13u2_amd64.deb ...
#6 153.4 Unpacking libtiff6:amd64 (4.7.0-3+deb13u2) ...
#6 153.5 Selecting previously unselected package libproj25:amd64.
#6 153.5 Preparing to unpack .../149-libproj25_9.6.0-1_amd64.deb ...
#6 153.5 Unpacking libproj25:amd64 (9.6.0-1) ...
#6 153.6 Selecting previously unselected package libgeotiff5:amd64.
#6 153.6 Preparing to unpack .../150-libgeotiff5_1.7.4-1_amd64.deb ...
#6 153.7 Unpacking libgeotiff5:amd64 (1.7.4-1) ...
#6 153.7 Selecting previously unselected package libgif7:amd64.
#6 153.7 Preparing to unpack .../151-libgif7_5.2.2-1+b1_amd64.deb ...
#6 153.8 Unpacking libgif7:amd64 (5.2.2-1+b1) ...
#6 153.8 Selecting previously unselected package libsz2:amd64.
#6 153.8 Preparing to unpack .../152-libsz2_1.1.3-1+b1_amd64.deb ...
#6 153.9 Unpacking libsz2:amd64 (1.1.3-1+b1) ...
#6 154.0 Selecting previously unselected package libhdf4-0-alt:amd64.
#6 154.0 Preparing to unpack .../153-libhdf4-0-alt_4.3.0-1+b1_amd64.deb ...
#6 154.0 Unpacking libhdf4-0-alt:amd64 (4.3.0-1+b1) ...
#6 154.1 Selecting previously unselected package libhdf5-310:amd64.
#6 154.1 Preparing to unpack .../154-libhdf5-310_1.14.5+repack-3_amd64.deb ...
#6 154.1 Unpacking libhdf5-310:amd64 (1.14.5+repack-3) ...
#6 154.2 Selecting previously unselected package libheif-plugin-dav1d:amd64.
#6 154.2 Preparing to unpack .../155-libheif-plugin-dav1d_1.19.8-1_amd64.deb ...
#6 154.3 Unpacking libheif-plugin-dav1d:amd64 (1.19.8-1) ...
#6 154.3 Selecting previously unselected package libde265-0:amd64.
#6 154.4 Preparing to unpack .../156-libde265-0_1.0.15-1+b3_amd64.deb ...
#6 154.4 Unpacking libde265-0:amd64 (1.0.15-1+b3) ...
#6 154.5 Selecting previously unselected package libheif-plugin-libde265:amd64.
#6 154.5 Preparing to unpack .../157-libheif-plugin-libde265_1.19.8-1_amd64.deb ...
#6 154.5 Unpacking libheif-plugin-libde265:amd64 (1.19.8-1) ...
#6 154.6 Selecting previously unselected package libheif1:amd64.
#6 154.6 Preparing to unpack .../158-libheif1_1.19.8-1_amd64.deb ...
#6 154.6 Unpacking libheif1:amd64 (1.19.8-1) ...
#6 154.7 Selecting previously unselected package libjson-c5:amd64.
#6 154.7 Preparing to unpack .../159-libjson-c5_0.18+ds-1_amd64.deb ...
#6 154.7 Unpacking libjson-c5:amd64 (0.18+ds-1) ...
#6 154.8 Selecting previously unselected package liburiparser1:amd64.
#6 154.8 Preparing to unpack .../160-liburiparser1_0.9.8+dfsg-2_amd64.deb ...
#6 154.8 Unpacking liburiparser1:amd64 (0.9.8+dfsg-2) ...
#6 154.9 Selecting previously unselected package libkmlbase1t64:amd64.
#6 154.9 Preparing to unpack .../161-libkmlbase1t64_1.3.0-12+b2_amd64.deb ...
#6 154.9 Unpacking libkmlbase1t64:amd64 (1.3.0-12+b2) ...
#6 155.1 Selecting previously unselected package libkmldom1t64:amd64.
#6 155.1 Preparing to unpack .../162-libkmldom1t64_1.3.0-12+b2_amd64.deb ...
#6 155.1 Unpacking libkmldom1t64:amd64 (1.3.0-12+b2) ...
#6 155.2 Selecting previously unselected package libkmlengine1t64:amd64.
#6 155.2 Preparing to unpack .../163-libkmlengine1t64_1.3.0-12+b2_amd64.deb ...
#6 155.2 Unpacking libkmlengine1t64:amd64 (1.3.0-12+b2) ...
#6 155.3 Selecting previously unselected package libhdf5-hl-310:amd64.
#6 155.3 Preparing to unpack .../164-libhdf5-hl-310_1.14.5+repack-3_amd64.deb ...
#6 155.3 Unpacking libhdf5-hl-310:amd64 (1.14.5+repack-3) ...
#6 155.4 Selecting previously unselected package libxml2:amd64.
#6 155.4 Preparing to unpack .../165-libxml2_2.12.7+dfsg+really2.9.14-2.1+deb13u2_amd64.deb ...
#6 155.4 Unpacking libxml2:amd64 (2.12.7+dfsg+really2.9.14-2.1+deb13u2) ...
#6 155.6 Selecting previously unselected package libnetcdf22:amd64.
#6 155.6 Preparing to unpack .../166-libnetcdf22_1%3a4.9.3-1_amd64.deb ...
#6 155.6 Unpacking libnetcdf22:amd64 (1:4.9.3-1) ...
#6 155.7 Selecting previously unselected package libltdl7:amd64.
#6 155.7 Preparing to unpack .../167-libltdl7_2.5.4-4_amd64.deb ...
#6 155.8 Unpacking libltdl7:amd64 (2.5.4-4) ...
#6 155.9 Selecting previously unselected package libodbc2:amd64.
#6 155.9 Preparing to unpack .../168-libodbc2_2.3.12-2_amd64.deb ...
#6 155.9 Unpacking libodbc2:amd64 (2.3.12-2) ...
#6 156.2 Selecting previously unselected package unixodbc-common.
#6 156.2 Preparing to unpack .../169-unixodbc-common_2.3.12-2_all.deb ...
#6 156.2 Unpacking unixodbc-common (2.3.12-2) ...
#6 156.3 Selecting previously unselected package libodbcinst2:amd64.
#6 156.3 Preparing to unpack .../170-libodbcinst2_2.3.12-2_amd64.deb ...
#6 156.3 Unpacking libodbcinst2:amd64 (2.3.12-2) ...
#6 156.7 Selecting previously unselected package libogdi4.1:amd64.
#6 156.7 Preparing to unpack .../171-libogdi4.1_4.1.1+ds-5_amd64.deb ...
#6 156.7 Unpacking libogdi4.1:amd64 (4.1.1+ds-5) ...
#6 156.8 Selecting previously unselected package libopenjp2-7:amd64.
#6 156.8 Preparing to unpack .../172-libopenjp2-7_2.5.3-2.1~deb13u2_amd64.deb ...
#6 156.8 Unpacking libopenjp2-7:amd64 (2.5.3-2.1~deb13u2) ...
#6 157.0 Selecting previously unselected package libpng16-16t64:amd64.
#6 157.0 Preparing to unpack .../173-libpng16-16t64_1.6.48-1+deb13u5_amd64.deb ...
#6 157.0 Unpacking libpng16-16t64:amd64 (1.6.48-1+deb13u5) ...
#6 157.2 Selecting previously unselected package libfreetype6:amd64.
#6 157.2 Preparing to unpack .../174-libfreetype6_2.13.3+dfsg-1+deb13u1_amd64.deb ...
#6 157.3 Unpacking libfreetype6:amd64 (2.13.3+dfsg-1+deb13u1) ...
#6 157.5 Selecting previously unselected package libfontconfig1:amd64.
#6 157.5 Preparing to unpack .../175-libfontconfig1_2.15.0-2.3_amd64.deb ...
#6 157.5 Unpacking libfontconfig1:amd64 (2.15.0-2.3) ...
#6 157.6 Selecting previously unselected package gnupg-l10n.
#6 157.6 Preparing to unpack .../176-gnupg-l10n_2.4.7-21+deb13u1_all.deb ...
#6 157.6 Unpacking gnupg-l10n (2.4.7-21+deb13u1) ...
#6 157.9 Selecting previously unselected package gpg.
#6 157.9 Preparing to unpack .../177-gpg_2.4.7-21+deb13u1+b3_amd64.deb ...
#6 157.9 Unpacking gpg (2.4.7-21+deb13u1+b3) ...
#6 158.0 Selecting previously unselected package pinentry-curses.
#6 158.0 Preparing to unpack .../178-pinentry-curses_1.3.1-2_amd64.deb ...
#6 158.0 Unpacking pinentry-curses (1.3.1-2) ...
#6 158.1 Selecting previously unselected package gpg-agent.
#6 158.1 Preparing to unpack .../179-gpg-agent_2.4.7-21+deb13u1+b3_amd64.deb ...
#6 158.1 Unpacking gpg-agent (2.4.7-21+deb13u1+b3) ...
#6 158.2 Selecting previously unselected package gpgsm.
#6 158.2 Preparing to unpack .../180-gpgsm_2.4.7-21+deb13u1+b3_amd64.deb ...
#6 158.2 Unpacking gpgsm (2.4.7-21+deb13u1+b3) ...
#6 158.3 Selecting previously unselected package gnupg.
#6 158.3 Preparing to unpack .../181-gnupg_2.4.7-21+deb13u1_all.deb ...
#6 158.3 Unpacking gnupg (2.4.7-21+deb13u1) ...
#6 158.4 Selecting previously unselected package libgpgme11t64:amd64.
#6 158.4 Preparing to unpack .../182-libgpgme11t64_1.24.2-3_amd64.deb ...
#6 158.5 Unpacking libgpgme11t64:amd64 (1.24.2-3) ...
#6 158.5 Selecting previously unselected package libgpgmepp6t64:amd64.
#6 158.5 Preparing to unpack .../183-libgpgmepp6t64_1.24.2-3_amd64.deb ...
#6 158.6 Unpacking libgpgmepp6t64:amd64 (1.24.2-3) ...
#6 158.7 Selecting previously unselected package liblcms2-2:amd64.
#6 158.7 Preparing to unpack .../184-liblcms2-2_2.16-2+deb13u2_amd64.deb ...
#6 158.7 Unpacking liblcms2-2:amd64 (2.16-2+deb13u2) ...
#6 158.8 Selecting previously unselected package libnspr4:amd64.
#6 158.8 Preparing to unpack .../185-libnspr4_2%3a4.36-1_amd64.deb ...
#6 158.8 Unpacking libnspr4:amd64 (2:4.36-1) ...
#6 158.9 Selecting previously unselected package libnss3:amd64.
#6 158.9 Preparing to unpack .../186-libnss3_2%3a3.110-1+deb13u2_amd64.deb ...
#6 158.9 Unpacking libnss3:amd64 (2:3.110-1+deb13u2) ...
#6 159.0 Selecting previously unselected package libpoppler147:amd64.
#6 159.0 Preparing to unpack .../187-libpoppler147_25.03.0-5+deb13u3_amd64.deb ...
#6 159.1 Unpacking libpoppler147:amd64 (25.03.0-5+deb13u3) ...
#6 159.3 Selecting previously unselected package libpq5:amd64.
#6 159.3 Preparing to unpack .../188-libpq5_17.10-0+deb13u1_amd64.deb ...
#6 159.3 Unpacking libpq5:amd64 (17.10-0+deb13u1) ...
#6 159.5 Selecting previously unselected package libqhull-r8.0:amd64.
#6 159.5 Preparing to unpack .../189-libqhull-r8.0_2020.2-6+b2_amd64.deb ...
#6 159.5 Unpacking libqhull-r8.0:amd64 (2020.2-6+b2) ...
#6 159.6 Selecting previously unselected package librttopo1:amd64.
#6 159.6 Preparing to unpack .../190-librttopo1_1.1.0-4_amd64.deb ...
#6 159.6 Unpacking librttopo1:amd64 (1.1.0-4) ...
#6 159.8 Selecting previously unselected package libspatialite8t64:amd64.
#6 159.8 Preparing to unpack .../191-libspatialite8t64_5.1.0-3+b2_amd64.deb ...
#6 159.8 Unpacking libspatialite8t64:amd64 (5.1.0-3+b2) ...
#6 160.0 Selecting previously unselected package libicu76:amd64.
#6 160.0 Preparing to unpack .../192-libicu76_76.1-4_amd64.deb ...
#6 160.0 Unpacking libicu76:amd64 (76.1-4) ...
#6 160.7 Selecting previously unselected package libxerces-c3.2t64:amd64.
#6 160.8 Preparing to unpack .../193-libxerces-c3.2t64_3.2.4+debian-1.3+b2_amd64.deb ...
#6 160.8 Unpacking libxerces-c3.2t64:amd64 (3.2.4+debian-1.3+b2) ...
#6 160.9 Selecting previously unselected package libgdal36:amd64.
#6 160.9 Preparing to unpack .../194-libgdal36_3.10.3+dfsg-1_amd64.deb ...
#6 161.0 Unpacking libgdal36:amd64 (3.10.3+dfsg-1) ...
#6 161.9 Selecting previously unselected package python3-gdal.
#6 161.9 Preparing to unpack .../195-python3-gdal_3.10.3+dfsg-1_amd64.deb ...
#6 161.9 Unpacking python3-gdal (3.10.3+dfsg-1) ...
#6 162.1 Selecting previously unselected package gdal-bin.
#6 162.1 Preparing to unpack .../196-gdal-bin_3.10.3+dfsg-1_amd64.deb ...
#6 162.1 Unpacking gdal-bin (3.10.3+dfsg-1) ...
#6 162.2 Selecting previously unselected package hdf5-helpers.
#6 162.2 Preparing to unpack .../197-hdf5-helpers_1.14.5+repack-3_amd64.deb ...
#6 162.2 Unpacking hdf5-helpers (1.14.5+repack-3) ...
#6 162.3 Selecting previously unselected package icu-devtools.
#6 162.3 Preparing to unpack .../198-icu-devtools_76.1-4_amd64.deb ...
#6 162.4 Unpacking icu-devtools (76.1-4) ...
#6 162.5 Selecting previously unselected package libgssrpc4t64:amd64.
#6 162.5 Preparing to unpack .../199-libgssrpc4t64_1.21.3-5+deb13u1_amd64.deb ...
#6 162.5 Unpacking libgssrpc4t64:amd64 (1.21.3-5+deb13u1) ...
#6 162.6 Selecting previously unselected package libkadm5clnt-mit12:amd64.
#6 162.6 Preparing to unpack .../200-libkadm5clnt-mit12_1.21.3-5+deb13u1_amd64.deb ...
#6 162.6 Unpacking libkadm5clnt-mit12:amd64 (1.21.3-5+deb13u1) ...
#6 162.7 Selecting previously unselected package libkdb5-10t64:amd64.
#6 162.7 Preparing to unpack .../201-libkdb5-10t64_1.21.3-5+deb13u1_amd64.deb ...
#6 162.7 Unpacking libkdb5-10t64:amd64 (1.21.3-5+deb13u1) ...
#6 162.8 Selecting previously unselected package libkadm5srv-mit12:amd64.
#6 162.8 Preparing to unpack .../202-libkadm5srv-mit12_1.21.3-5+deb13u1_amd64.deb ...
#6 162.8 Unpacking libkadm5srv-mit12:amd64 (1.21.3-5+deb13u1) ...
#6 162.9 Selecting previously unselected package krb5-multidev:amd64.
#6 162.9 Preparing to unpack .../203-krb5-multidev_1.21.3-5+deb13u1_amd64.deb ...
#6 162.9 Unpacking krb5-multidev:amd64 (1.21.3-5+deb13u1) ...
#6 163.0 Selecting previously unselected package libaec-dev:amd64.
#6 163.0 Preparing to unpack .../204-libaec-dev_1.1.3-1+b1_amd64.deb ...
#6 163.0 Unpacking libaec-dev:amd64 (1.1.3-1+b1) ...
#6 163.1 Selecting previously unselected package libaom-dev:amd64.
#6 163.1 Preparing to unpack .../205-libaom-dev_3.12.1-1_amd64.deb ...
#6 163.1 Unpacking libaom-dev:amd64 (3.12.1-1) ...
#6 163.4 Selecting previously unselected package libblas-dev:amd64.
#6 163.4 Preparing to unpack .../206-libblas-dev_3.12.1-6_amd64.deb ...
#6 163.4 Unpacking libblas-dev:amd64 (3.12.1-6) ...
#6 163.5 Selecting previously unselected package liblapack-dev:amd64.
#6 163.5 Preparing to unpack .../207-liblapack-dev_3.12.1-6_amd64.deb ...
#6 163.5 Unpacking liblapack-dev:amd64 (3.12.1-6) ...
#6 165.1 Selecting previously unselected package libarpack2-dev:amd64.
#6 165.1 Preparing to unpack .../208-libarpack2-dev_3.9.1-6_amd64.deb ...
#6 165.1 Unpacking libarpack2-dev:amd64 (3.9.1-6) ...
#6 165.2 Selecting previously unselected package libhdf5-fortran-310:amd64.
#6 165.2 Preparing to unpack .../209-libhdf5-fortran-310_1.14.5+repack-3_amd64.deb ...
#6 165.2 Unpacking libhdf5-fortran-310:amd64 (1.14.5+repack-3) ...
#6 165.3 Selecting previously unselected package libhdf5-hl-fortran-310:amd64.
#6 165.3 Preparing to unpack .../210-libhdf5-hl-fortran-310_1.14.5+repack-3_amd64.deb ...
#6 165.3 Unpacking libhdf5-hl-fortran-310:amd64 (1.14.5+repack-3) ...
#6 165.5 Selecting previously unselected package libhdf5-cpp-310:amd64.
#6 165.5 Preparing to unpack .../211-libhdf5-cpp-310_1.14.5+repack-3_amd64.deb ...
#6 165.5 Unpacking libhdf5-cpp-310:amd64 (1.14.5+repack-3) ...
#6 165.6 Selecting previously unselected package libhdf5-hl-cpp-310:amd64.
#6 165.6 Preparing to unpack .../212-libhdf5-hl-cpp-310_1.14.5+repack-3_amd64.deb ...
#6 165.6 Unpacking libhdf5-hl-cpp-310:amd64 (1.14.5+repack-3) ...
#6 165.7 Selecting previously unselected package libjpeg62-turbo-dev:amd64.
#6 165.7 Preparing to unpack .../213-libjpeg62-turbo-dev_1%3a2.1.5-4_amd64.deb ...
#6 165.7 Unpacking libjpeg62-turbo-dev:amd64 (1:2.1.5-4) ...
#6 165.8 Selecting previously unselected package libjpeg-dev:amd64.
#6 165.8 Preparing to unpack .../214-libjpeg-dev_1%3a2.1.5-4_amd64.deb ...
#6 165.8 Unpacking libjpeg-dev:amd64 (1:2.1.5-4) ...
#6 165.9 Selecting previously unselected package libbrotli-dev:amd64.
#6 165.9 Preparing to unpack .../215-libbrotli-dev_1.1.0-2+b7_amd64.deb ...
#6 165.9 Unpacking libbrotli-dev:amd64 (1.1.0-2+b7) ...
#6 166.0 Selecting previously unselected package libidn2-dev:amd64.
#6 166.0 Preparing to unpack .../216-libidn2-dev_2.3.8-2_amd64.deb ...
#6 166.0 Unpacking libidn2-dev:amd64 (2.3.8-2) ...
#6 166.1 Selecting previously unselected package libkrb5-dev:amd64.
#6 166.1 Preparing to unpack .../217-libkrb5-dev_1.21.3-5+deb13u1_amd64.deb ...
#6 166.1 Unpacking libkrb5-dev:amd64 (1.21.3-5+deb13u1) ...
#6 166.2 Selecting previously unselected package libldap-dev:amd64.
#6 166.2 Preparing to unpack .../218-libldap-dev_2.6.10+dfsg-1_amd64.deb ...
#6 166.2 Unpacking libldap-dev:amd64 (2.6.10+dfsg-1) ...
#6 166.3 Selecting previously unselected package libpkgconf3:amd64.
#6 166.3 Preparing to unpack .../219-libpkgconf3_1.8.1-4_amd64.deb ...
#6 166.3 Unpacking libpkgconf3:amd64 (1.8.1-4) ...
#6 166.4 Selecting previously unselected package pkgconf-bin.
#6 166.4 Preparing to unpack .../220-pkgconf-bin_1.8.1-4_amd64.deb ...
#6 166.5 Unpacking pkgconf-bin (1.8.1-4) ...
#6 166.5 Selecting previously unselected package pkgconf:amd64.
#6 166.5 Preparing to unpack .../221-pkgconf_1.8.1-4_amd64.deb ...
#6 166.6 Unpacking pkgconf:amd64 (1.8.1-4) ...
#6 166.6 Selecting previously unselected package libnghttp2-dev:amd64.
#6 166.6 Preparing to unpack .../222-libnghttp2-dev_1.64.0-1.1+deb13u1_amd64.deb ...
#6 166.6 Unpacking libnghttp2-dev:amd64 (1.64.0-1.1+deb13u1) ...
#6 166.7 Selecting previously unselected package libnghttp3-dev:amd64.
#6 166.7 Preparing to unpack .../223-libnghttp3-dev_1.8.0-1_amd64.deb ...
#6 166.7 Unpacking libnghttp3-dev:amd64 (1.8.0-1) ...
#6 166.8 Selecting previously unselected package libpsl-dev:amd64.
#6 166.8 Preparing to unpack .../224-libpsl-dev_0.21.2-1.1+b1_amd64.deb ...
#6 166.8 Unpacking libpsl-dev:amd64 (0.21.2-1.1+b1) ...
#6 166.9 Selecting previously unselected package libgmpxx4ldbl:amd64.
#6 166.9 Preparing to unpack .../225-libgmpxx4ldbl_2%3a6.3.0+dfsg-3_amd64.deb ...
#6 166.9 Unpacking libgmpxx4ldbl:amd64 (2:6.3.0+dfsg-3) ...
#6 167.0 Selecting previously unselected package libgmp-dev:amd64.
#6 167.0 Preparing to unpack .../226-libgmp-dev_2%3a6.3.0+dfsg-3_amd64.deb ...
#6 167.0 Unpacking libgmp-dev:amd64 (2:6.3.0+dfsg-3) ...
#6 167.2 Selecting previously unselected package libevent-2.1-7t64:amd64.
#6 167.2 Preparing to unpack .../227-libevent-2.1-7t64_2.1.12-stable-10+b1_amd64.deb ...
#6 167.2 Unpacking libevent-2.1-7t64:amd64 (2.1.12-stable-10+b1) ...
#6 167.3 Selecting previously unselected package libunbound8:amd64.
#6 167.3 Preparing to unpack .../228-libunbound8_1.22.0-2+deb13u3_amd64.deb ...
#6 167.3 Unpacking libunbound8:amd64 (1.22.0-2+deb13u3) ...
#6 167.4 Selecting previously unselected package libgnutls-dane0t64:amd64.
#6 167.4 Preparing to unpack .../229-libgnutls-dane0t64_3.8.9-3+deb13u4_amd64.deb ...
#6 167.7 Unpacking libgnutls-dane0t64:amd64 (3.8.9-3+deb13u4) ...
#6 167.8 Selecting previously unselected package libgnutls-openssl27t64:amd64.
#6 167.8 Preparing to unpack .../230-libgnutls-openssl27t64_3.8.9-3+deb13u4_amd64.deb ...
#6 167.8 Unpacking libgnutls-openssl27t64:amd64 (3.8.9-3+deb13u4) ...
#6 167.9 Selecting previously unselected package libp11-kit-dev:amd64.
#6 167.9 Preparing to unpack .../231-libp11-kit-dev_0.25.5-3_amd64.deb ...
#6 167.9 Unpacking libp11-kit-dev:amd64 (0.25.5-3) ...
#6 168.0 Selecting previously unselected package libtasn1-6-dev:amd64.
#6 168.0 Preparing to unpack .../232-libtasn1-6-dev_4.20.0-2_amd64.deb ...
#6 168.0 Unpacking libtasn1-6-dev:amd64 (4.20.0-2) ...
#6 168.1 Selecting previously unselected package nettle-dev:amd64.
#6 168.1 Preparing to unpack .../233-nettle-dev_3.10.1-1_amd64.deb ...
#6 168.1 Unpacking nettle-dev:amd64 (3.10.1-1) ...
#6 168.2 Selecting previously unselected package libgnutls28-dev:amd64.
#6 168.2 Preparing to unpack .../234-libgnutls28-dev_3.8.9-3+deb13u4_amd64.deb ...
#6 168.2 Unpacking libgnutls28-dev:amd64 (3.8.9-3+deb13u4) ...
#6 168.4 Selecting previously unselected package librtmp-dev:amd64.
#6 168.4 Preparing to unpack .../235-librtmp-dev_2.4+20151223.gitfa8646d.1-2+b5_amd64.deb ...
#6 168.4 Unpacking librtmp-dev:amd64 (2.4+20151223.gitfa8646d.1-2+b5) ...
#6 168.5 Selecting previously unselected package libssh2-1-dev:amd64.
#6 168.5 Preparing to unpack .../236-libssh2-1-dev_1.11.1-1+deb13u1_amd64.deb ...
#6 168.5 Unpacking libssh2-1-dev:amd64 (1.11.1-1+deb13u1) ...
#6 168.6 Selecting previously unselected package libzstd-dev:amd64.
#6 168.6 Preparing to unpack .../237-libzstd-dev_1.5.7+dfsg-1_amd64.deb ...
#6 168.6 Unpacking libzstd-dev:amd64 (1.5.7+dfsg-1) ...
#6 168.7 Selecting previously unselected package libcurl4-openssl-dev:amd64.
#6 168.7 Preparing to unpack .../238-libcurl4-openssl-dev_8.14.1-2+deb13u3_amd64.deb ...
#6 168.7 Unpacking libcurl4-openssl-dev:amd64 (8.14.1-2+deb13u3) ...
#6 168.8 Selecting previously unselected package libhdf5-dev.
#6 168.8 Preparing to unpack .../239-libhdf5-dev_1.14.5+repack-3_amd64.deb ...
#6 168.8 Unpacking libhdf5-dev (1.14.5+repack-3) ...
#6 169.1 Selecting previously unselected package libsuperlu7:amd64.
#6 169.1 Preparing to unpack .../240-libsuperlu7_7.0.1+dfsg1-2_amd64.deb ...
#6 169.1 Unpacking libsuperlu7:amd64 (7.0.1+dfsg1-2) ...
#6 169.2 Selecting previously unselected package libsuperlu-dev:amd64.
#6 169.2 Preparing to unpack .../241-libsuperlu-dev_7.0.1+dfsg1-2_amd64.deb ...
#6 169.2 Unpacking libsuperlu-dev:amd64 (7.0.1+dfsg1-2) ...
#6 169.3 Selecting previously unselected package libarmadillo-dev.
#6 169.3 Preparing to unpack .../242-libarmadillo-dev_1%3a14.2.3+dfsg-1+b1_amd64.deb ...
#6 169.3 Unpacking libarmadillo-dev (1:14.2.3+dfsg-1+b1) ...
#6 169.5 Selecting previously unselected package libdav1d-dev:amd64.
#6 169.5 Preparing to unpack .../243-libdav1d-dev_1.5.1-1_amd64.deb ...
#6 169.5 Unpacking libdav1d-dev:amd64 (1.5.1-1) ...
#6 169.6 Selecting previously unselected package librav1e-dev:amd64.
#6 169.6 Preparing to unpack .../244-librav1e-dev_0.7.1-9+b2_amd64.deb ...
#6 169.6 Unpacking librav1e-dev:amd64 (0.7.1-9+b2) ...
#6 169.7 Selecting previously unselected package libsvtav1enc-dev:amd64.
#6 169.7 Preparing to unpack .../245-libsvtav1enc-dev_2.3.0+dfsg-1_amd64.deb ...
#6 169.7 Unpacking libsvtav1enc-dev:amd64 (2.3.0+dfsg-1) ...
#6 169.8 Selecting previously unselected package libyuv-dev:amd64.
#6 169.8 Preparing to unpack .../246-libyuv-dev_0.0.1904.20250204-1_amd64.deb ...
#6 169.8 Unpacking libyuv-dev:amd64 (0.0.1904.20250204-1) ...
#6 169.9 Selecting previously unselected package libavif-dev:amd64.
#6 169.9 Preparing to unpack .../247-libavif-dev_1.2.1-1.2_amd64.deb ...
#6 169.9 Unpacking libavif-dev:amd64 (1.2.1-1.2) ...
#6 170.0 Selecting previously unselected package libblosc-dev:amd64.
#6 170.0 Preparing to unpack .../248-libblosc-dev_1.21.5+ds-1+b2_amd64.deb ...
#6 170.0 Unpacking libblosc-dev:amd64 (1.21.5+ds-1+b2) ...
#6 170.1 Selecting previously unselected package libboost1.83-dev:amd64.
#6 170.1 Preparing to unpack .../249-libboost1.83-dev_1.83.0-4.2_amd64.deb ...
#6 170.1 Unpacking libboost1.83-dev:amd64 (1.83.0-4.2) ...
#6 176.8 Selecting previously unselected package libboost-dev:amd64.
#6 176.9 Preparing to unpack .../250-libboost-dev_1.83.0.2+b2_amd64.deb ...
#6 176.9 Unpacking libboost-dev:amd64 (1.83.0.2+b2) ...
#6 177.0 Selecting previously unselected package libboost-serialization1.83.0:amd64.
#6 177.0 Preparing to unpack .../251-libboost-serialization1.83.0_1.83.0-4.2_amd64.deb ...
#6 177.0 Unpacking libboost-serialization1.83.0:amd64 (1.83.0-4.2) ...
#6 177.1 Selecting previously unselected package libcfitsio-dev:amd64.
#6 177.1 Preparing to unpack .../252-libcfitsio-dev_4.6.2-2_amd64.deb ...
#6 177.1 Unpacking libcfitsio-dev:amd64 (4.6.2-2) ...
#6 177.3 Selecting previously unselected package libdeflate-dev:amd64.
#6 177.3 Preparing to unpack .../253-libdeflate-dev_1.23-2_amd64.deb ...
#6 177.3 Unpacking libdeflate-dev:amd64 (1.23-2) ...
#6 177.4 Selecting previously unselected package libedit2:amd64.
#6 177.4 Preparing to unpack .../254-libedit2_3.1-20250104-1_amd64.deb ...
#6 177.4 Unpacking libedit2:amd64 (3.1-20250104-1) ...
#6 177.5 Selecting previously unselected package libexpat1-dev:amd64.
#6 177.5 Preparing to unpack .../255-libexpat1-dev_2.7.1-2_amd64.deb ...
#6 177.6 Unpacking libexpat1-dev:amd64 (2.7.1-2) ...
#6 177.7 Selecting previously unselected package libminizip-dev:amd64.
#6 177.7 Preparing to unpack .../256-libminizip-dev_1%3a1.3.dfsg+really1.3.1-1+b1_amd64.deb ...
#6 177.7 Unpacking libminizip-dev:amd64 (1:1.3.dfsg+really1.3.1-1+b1) ...
#6 177.8 Selecting previously unselected package libfreexl-dev:amd64.
#6 177.8 Preparing to unpack .../257-libfreexl-dev_2.0.0-1+b3_amd64.deb ...
#6 177.8 Unpacking libfreexl-dev:amd64 (2.0.0-1+b3) ...
#6 177.9 Selecting previously unselected package libfyba-dev:amd64.
#6 177.9 Preparing to unpack .../258-libfyba-dev_4.1.1-11+b1_amd64.deb ...
#6 177.9 Unpacking libfyba-dev:amd64 (4.1.1-11+b1) ...
#6 178.0 Selecting previously unselected package libgeos-dev.
#6 178.0 Preparing to unpack .../259-libgeos-dev_3.13.1-1_amd64.deb ...
#6 178.0 Unpacking libgeos-dev (3.13.1-1) ...
#6 178.1 Selecting previously unselected package libsqlite3-dev:amd64.
#6 178.1 Preparing to unpack .../260-libsqlite3-dev_3.46.1-7+deb13u1_amd64.deb ...
#6 178.2 Unpacking libsqlite3-dev:amd64 (3.46.1-7+deb13u1) ...
#6 178.3 Selecting previously unselected package libjbig-dev:amd64.
#6 178.3 Preparing to unpack .../261-libjbig-dev_2.1-6.1+b2_amd64.deb ...
#6 178.3 Unpacking libjbig-dev:amd64 (2.1-6.1+b2) ...
#6 178.4 Selecting previously unselected package liblzma-dev:amd64.
#6 178.4 Preparing to unpack .../262-liblzma-dev_5.8.1-1_amd64.deb ...
#6 178.4 Unpacking liblzma-dev:amd64 (5.8.1-1) ...
#6 178.6 Selecting previously unselected package libwebpdemux2:amd64.
#6 178.6 Preparing to unpack .../263-libwebpdemux2_1.5.0-0.1_amd64.deb ...
#6 178.6 Unpacking libwebpdemux2:amd64 (1.5.0-0.1) ...
#6 178.7 Selecting previously unselected package libwebpmux3:amd64.
#6 178.7 Preparing to unpack .../264-libwebpmux3_1.5.0-0.1_amd64.deb ...
#6 178.8 Unpacking libwebpmux3:amd64 (1.5.0-0.1) ...
#6 178.9 Selecting previously unselected package libwebpdecoder3:amd64.
#6 178.9 Preparing to unpack .../265-libwebpdecoder3_1.5.0-0.1_amd64.deb ...
#6 178.9 Unpacking libwebpdecoder3:amd64 (1.5.0-0.1) ...
#6 179.0 Selecting previously unselected package libsharpyuv-dev:amd64.
#6 179.0 Preparing to unpack .../266-libsharpyuv-dev_1.5.0-0.1_amd64.deb ...
#6 179.0 Unpacking libsharpyuv-dev:amd64 (1.5.0-0.1) ...
#6 179.1 Selecting previously unselected package libwebp-dev:amd64.
#6 179.1 Preparing to unpack .../267-libwebp-dev_1.5.0-0.1_amd64.deb ...
#6 179.1 Unpacking libwebp-dev:amd64 (1.5.0-0.1) ...
#6 179.2 Selecting previously unselected package libtiffxx6:amd64.
#6 179.2 Preparing to unpack .../268-libtiffxx6_4.7.0-3+deb13u2_amd64.deb ...
#6 179.2 Unpacking libtiffxx6:amd64 (4.7.0-3+deb13u2) ...
#6 179.4 Selecting previously unselected package liblerc-dev:amd64.
#6 179.4 Preparing to unpack .../269-liblerc-dev_4.0.0+ds-5_amd64.deb ...
#6 179.4 Unpacking liblerc-dev:amd64 (4.0.0+ds-5) ...
#6 179.5 Selecting previously unselected package libtiff-dev:amd64.
#6 179.5 Preparing to unpack .../270-libtiff-dev_4.7.0-3+deb13u2_amd64.deb ...
#6 179.5 Unpacking libtiff-dev:amd64 (4.7.0-3+deb13u2) ...
#6 179.6 Selecting previously unselected package libproj-dev:amd64.
#6 179.6 Preparing to unpack .../271-libproj-dev_9.6.0-1_amd64.deb ...
#6 179.7 Unpacking libproj-dev:amd64 (9.6.0-1) ...
#6 179.9 Selecting previously unselected package libgeotiff-dev:amd64.
#6 179.9 Preparing to unpack .../272-libgeotiff-dev_1.7.4-1_amd64.deb ...
#6 179.9 Unpacking libgeotiff-dev:amd64 (1.7.4-1) ...
#6 180.0 Selecting previously unselected package libgif-dev:amd64.
#6 180.0 Preparing to unpack .../273-libgif-dev_5.2.2-1+b1_amd64.deb ...
#6 180.0 Unpacking libgif-dev:amd64 (5.2.2-1+b1) ...
#6 180.1 Selecting previously unselected package libxml2-dev:amd64.
#6 180.1 Preparing to unpack .../274-libxml2-dev_2.12.7+dfsg+really2.9.14-2.1+deb13u2_amd64.deb ...
#6 180.1 Unpacking libxml2-dev:amd64 (2.12.7+dfsg+really2.9.14-2.1+deb13u2) ...
#6 180.3 Selecting previously unselected package libnetcdf-dev.
#6 180.3 Preparing to unpack .../275-libnetcdf-dev_1%3a4.9.3-1_amd64.deb ...
#6 180.3 Unpacking libnetcdf-dev (1:4.9.3-1) ...
#6 180.3 Selecting previously unselected package libhdf4-alt-dev.
#6 180.4 Preparing to unpack .../276-libhdf4-alt-dev_4.3.0-1+b1_amd64.deb ...
#6 180.4 Unpacking libhdf4-alt-dev (4.3.0-1+b1) ...
#6 180.5 Selecting previously unselected package libheif-dev:amd64.
#6 180.5 Preparing to unpack .../277-libheif-dev_1.19.8-1_amd64.deb ...
#6 180.5 Unpacking libheif-dev:amd64 (1.19.8-1) ...
#6 180.6 Selecting previously unselected package libjson-c-dev:amd64.
#6 180.6 Preparing to unpack .../278-libjson-c-dev_0.18+ds-1_amd64.deb ...
#6 180.6 Unpacking libjson-c-dev:amd64 (0.18+ds-1) ...
#6 180.7 Selecting previously unselected package libkmlconvenience1t64:amd64.
#6 180.7 Preparing to unpack .../279-libkmlconvenience1t64_1.3.0-12+b2_amd64.deb ...
#6 180.7 Unpacking libkmlconvenience1t64:amd64 (1.3.0-12+b2) ...
#6 180.8 Selecting previously unselected package libkmlregionator1t64:amd64.
#6 180.8 Preparing to unpack .../280-libkmlregionator1t64_1.3.0-12+b2_amd64.deb ...
#6 180.8 Unpacking libkmlregionator1t64:amd64 (1.3.0-12+b2) ...
#6 180.9 Selecting previously unselected package libkmlxsd1t64:amd64.
#6 180.9 Preparing to unpack .../281-libkmlxsd1t64_1.3.0-12+b2_amd64.deb ...
#6 180.9 Unpacking libkmlxsd1t64:amd64 (1.3.0-12+b2) ...
#6 181.0 Selecting previously unselected package liburiparser-dev.
#6 181.0 Preparing to unpack .../282-liburiparser-dev_0.9.8+dfsg-2_amd64.deb ...
#6 181.0 Unpacking liburiparser-dev (0.9.8+dfsg-2) ...
#6 181.1 Selecting previously unselected package libkml-dev:amd64.
#6 181.1 Preparing to unpack .../283-libkml-dev_1.3.0-12+b2_amd64.deb ...
#6 181.1 Unpacking libkml-dev:amd64 (1.3.0-12+b2) ...
#6 181.2 Selecting previously unselected package libltdl-dev:amd64.
#6 181.2 Preparing to unpack .../284-libltdl-dev_2.5.4-4_amd64.deb ...
#6 181.3 Unpacking libltdl-dev:amd64 (2.5.4-4) ...
#6 181.3 Selecting previously unselected package libxxhash-dev:amd64.
#6 181.3 Preparing to unpack .../285-libxxhash-dev_0.8.3-2_amd64.deb ...
#6 181.4 Unpacking libxxhash-dev:amd64 (0.8.3-2) ...
#6 181.4 Selecting previously unselected package liblz4-dev:amd64.
#6 181.4 Preparing to unpack .../286-liblz4-dev_1.10.0-4_amd64.deb ...
#6 181.4 Unpacking liblz4-dev:amd64 (1.10.0-4) ...
#6 181.6 Selecting previously unselected package libtirpc-dev:amd64.
#6 181.6 Preparing to unpack .../287-libtirpc-dev_1.3.6+ds-1_amd64.deb ...
#6 181.6 Unpacking libtirpc-dev:amd64 (1.3.6+ds-1) ...
#6 181.7 Selecting previously unselected package libogdi-dev.
#6 181.7 Preparing to unpack .../288-libogdi-dev_4.1.1+ds-5_amd64.deb ...
#6 181.8 Unpacking libogdi-dev (4.1.1+ds-5) ...
#6 181.9 Selecting previously unselected package libopenjp2-7-dev:amd64.
#6 181.9 Preparing to unpack .../289-libopenjp2-7-dev_2.5.3-2.1~deb13u2_amd64.deb ...
#6 181.9 Unpacking libopenjp2-7-dev:amd64 (2.5.3-2.1~deb13u2) ...
#6 182.0 Selecting previously unselected package libpcre2-16-0:amd64.
#6 182.0 Preparing to unpack .../290-libpcre2-16-0_10.46-1~deb13u1_amd64.deb ...
#6 182.0 Unpacking libpcre2-16-0:amd64 (10.46-1~deb13u1) ...
#6 182.1 Selecting previously unselected package libpcre2-32-0:amd64.
#6 182.1 Preparing to unpack .../291-libpcre2-32-0_10.46-1~deb13u1_amd64.deb ...
#6 182.2 Unpacking libpcre2-32-0:amd64 (10.46-1~deb13u1) ...
#6 182.3 Selecting previously unselected package libpcre2-posix3:amd64.
#6 182.3 Preparing to unpack .../292-libpcre2-posix3_10.46-1~deb13u1_amd64.deb ...
#6 182.3 Unpacking libpcre2-posix3:amd64 (10.46-1~deb13u1) ...
#6 182.4 Selecting previously unselected package libpcre2-dev:amd64.
#6 182.4 Preparing to unpack .../293-libpcre2-dev_10.46-1~deb13u1_amd64.deb ...
#6 182.4 Unpacking libpcre2-dev:amd64 (10.46-1~deb13u1) ...
#6 182.5 Selecting previously unselected package libpng-dev:amd64.
#6 182.5 Preparing to unpack .../294-libpng-dev_1.6.48-1+deb13u5_amd64.deb ...
#6 182.5 Unpacking libpng-dev:amd64 (1.6.48-1+deb13u5) ...
#6 182.6 Selecting previously unselected package libpoppler-dev:amd64.
#6 182.6 Preparing to unpack .../295-libpoppler-dev_25.03.0-5+deb13u3_amd64.deb ...
#6 182.7 Unpacking libpoppler-dev:amd64 (25.03.0-5+deb13u3) ...
#6 182.8 Selecting previously unselected package libpoppler-private-dev:amd64.
#6 182.8 Preparing to unpack .../296-libpoppler-private-dev_25.03.0-5+deb13u3_amd64.deb ...
#6 182.8 Unpacking libpoppler-private-dev:amd64 (25.03.0-5+deb13u3) ...
#6 182.9 Selecting previously unselected package libpq-dev.
#6 182.9 Preparing to unpack .../297-libpq-dev_17.10-0+deb13u1_amd64.deb ...
#6 182.9 Unpacking libpq-dev (17.10-0+deb13u1) ...
#6 183.0 Selecting previously unselected package libqhull8.0:amd64.
#6 183.0 Preparing to unpack .../298-libqhull8.0_2020.2-6+b2_amd64.deb ...
#6 183.0 Unpacking libqhull8.0:amd64 (2020.2-6+b2) ...
#6 183.2 Selecting previously unselected package libqhullcpp8.0:amd64.
#6 183.2 Preparing to unpack .../299-libqhullcpp8.0_2020.2-6+b2_amd64.deb ...
#6 183.2 Unpacking libqhullcpp8.0:amd64 (2020.2-6+b2) ...
#6 183.3 Selecting previously unselected package libqhull-dev:amd64.
#6 183.3 Preparing to unpack .../300-libqhull-dev_2020.2-6+b2_amd64.deb ...
#6 183.3 Unpacking libqhull-dev:amd64 (2020.2-6+b2) ...
#6 183.4 Selecting previously unselected package librttopo-dev:amd64.
#6 183.4 Preparing to unpack .../301-librttopo-dev_1.1.0-4_amd64.deb ...
#6 183.5 Unpacking librttopo-dev:amd64 (1.1.0-4) ...
#6 183.6 Selecting previously unselected package libspatialite-dev:amd64.
#6 183.6 Preparing to unpack .../302-libspatialite-dev_5.1.0-3+b2_amd64.deb ...
#6 183.6 Unpacking libspatialite-dev:amd64 (5.1.0-3+b2) ...
#6 183.8 Selecting previously unselected package libicu-dev:amd64.
#6 183.8 Preparing to unpack .../303-libicu-dev_76.1-4_amd64.deb ...
#6 183.8 Unpacking libicu-dev:amd64 (76.1-4) ...
#6 184.3 Selecting previously unselected package libxerces-c-dev:amd64.
#6 184.3 Preparing to unpack .../304-libxerces-c-dev_3.2.4+debian-1.3+b2_amd64.deb ...
#6 184.3 Unpacking libxerces-c-dev:amd64 (3.2.4+debian-1.3+b2) ...
#6 184.7 Selecting previously unselected package libodbccr2:amd64.
#6 184.7 Preparing to unpack .../305-libodbccr2_2.3.12-2_amd64.deb ...
#6 184.7 Unpacking libodbccr2:amd64 (2.3.12-2) ...
#6 184.7 Selecting previously unselected package unixodbc-dev:amd64.
#6 184.7 Preparing to unpack .../306-unixodbc-dev_2.3.12-2_amd64.deb ...
#6 184.8 Unpacking unixodbc-dev:amd64 (2.3.12-2) ...
#6 184.9 Selecting previously unselected package libgdal-dev.
#6 184.9 Preparing to unpack .../307-libgdal-dev_3.10.3+dfsg-1_amd64.deb ...
#6 184.9 Unpacking libgdal-dev (3.10.3+dfsg-1) ...
#6 185.0 Selecting previously unselected package libz3-4:amd64.
#6 185.0 Preparing to unpack .../308-libz3-4_4.13.3-1_amd64.deb ...
#6 185.0 Unpacking libz3-4:amd64 (4.13.3-1) ...
#6 187.0 Selecting previously unselected package libllvm19:amd64.
#6 187.0 Preparing to unpack .../309-libllvm19_1%3a19.1.7-3+b1_amd64.deb ...
#6 187.0 Unpacking libllvm19:amd64 (1:19.1.7-3+b1) ...
#6 189.2 Selecting previously unselected package libmagic-mgc.
#6 189.2 Preparing to unpack .../310-libmagic-mgc_1%3a5.46-5_amd64.deb ...
#6 189.2 Unpacking libmagic-mgc (1:5.46-5) ...
#6 189.3 Selecting previously unselected package libmagic1t64:amd64.
#6 189.3 Preparing to unpack .../311-libmagic1t64_1%3a5.46-5_amd64.deb ...
#6 189.3 Unpacking libmagic1t64:amd64 (1:5.46-5) ...
#6 189.6 Selecting previously unselected package libopenjp2-tools.
#6 189.6 Preparing to unpack .../312-libopenjp2-tools_2.5.3-2.1~deb13u2_amd64.deb ...
#6 189.6 Unpacking libopenjp2-tools (2.5.3-2.1~deb13u2) ...
#6 190.2 Selecting previously unselected package libprotobuf-c1:amd64.
#6 190.2 Preparing to unpack .../313-libprotobuf-c1_1.5.1-1_amd64.deb ...
#6 190.2 Unpacking libprotobuf-c1:amd64 (1.5.1-1) ...
#6 190.8 Selecting previously unselected package libsfcgal2.
#6 190.8 Preparing to unpack .../314-libsfcgal2_2.0.0-1_amd64.deb ...
#6 190.8 Unpacking libsfcgal2 (2.0.0-1) ...
#6 191.3 Selecting previously unselected package libtiff-tools.
#6 191.3 Preparing to unpack .../315-libtiff-tools_4.7.0-3+deb13u2_amd64.deb ...
#6 191.3 Unpacking libtiff-tools (4.7.0-3+deb13u2) ...
#6 191.5 Selecting previously unselected package libxslt1.1:amd64.
#6 191.5 Preparing to unpack .../316-libxslt1.1_1.1.35-1.2+deb13u3_amd64.deb ...
#6 191.6 Unpacking libxslt1.1:amd64 (1.1.35-1.2+deb13u3) ...
#6 191.8 Selecting previously unselected package make.
#6 191.8 Preparing to unpack .../317-make_4.4.1-2_amd64.deb ...
#6 191.8 Unpacking make (4.4.1-2) ...
#6 192.3 Selecting previously unselected package nginx-common.
#6 192.3 Preparing to unpack .../318-nginx-common_1.26.3-3+deb13u7_all.deb ...
#6 192.4 Unpacking nginx-common (1.26.3-3+deb13u7) ...
#6 192.5 Selecting previously unselected package nginx.
#6 192.5 Preparing to unpack .../319-nginx_1.26.3-3+deb13u7_amd64.deb ...
#6 192.5 Unpacking nginx (1.26.3-3+deb13u7) ...
#6 192.7 Selecting previously unselected package postgresql-client-17.
#6 192.7 Preparing to unpack .../320-postgresql-client-17_17.10-0+deb13u1_amd64.deb ...
#6 192.7 Unpacking postgresql-client-17 (17.10-0+deb13u1) ...
#6 193.2 Selecting previously unselected package postgresql-17.
#6 193.2 Preparing to unpack .../321-postgresql-17_17.10-0+deb13u1_amd64.deb ...
#6 193.2 Unpacking postgresql-17 (17.10-0+deb13u1) ...
#6 194.2 Selecting previously unselected package postgresql-17-postgis-3-scripts.
#6 194.2 Preparing to unpack .../322-postgresql-17-postgis-3-scripts_3.5.2+dfsg-1_all.deb ...
#6 194.2 Unpacking postgresql-17-postgis-3-scripts (3.5.2+dfsg-1) ...
#6 194.9 Selecting previously unselected package postgresql-17-postgis-3.
#6 194.9 Preparing to unpack .../323-postgresql-17-postgis-3_3.5.2+dfsg-1_amd64.deb ...
#6 194.9 Unpacking postgresql-17-postgis-3 (3.5.2+dfsg-1) ...
#6 195.2 Setting up media-types (13.0.0) ...
#6 195.2 Setting up liblcms2-2:amd64 (2.16-2+deb13u2) ...
#6 195.2 Setting up libtext-charwidth-perl:amd64 (0.04-11+b4) ...
#6 195.3 Setting up libsharpyuv0:amd64 (1.5.0-0.1) ...
#6 197.6 Setting up libaom3:amd64 (3.12.1-1) ...
#6 197.7 Setting up mysql-common (5.8+1.1.1) ...
#6 197.8 update-alternatives: using /etc/mysql/my.cnf.fallback to provide /etc/mysql/my.cnf (my.cnf) in auto mode
#6 197.8 Setting up libnpth0t64:amd64 (1.8-3) ...
#6 197.9 Setting up libkeyutils1:amd64 (1.6.3-6) ...
#6 198.0 Setting up libc-l10n (2.41-12+deb13u3) ...
#6 198.1 Setting up libzstd-dev:amd64 (1.5.7+dfsg-1) ...
#6 198.1 Setting up liblerc4:amd64 (4.0.0+ds-5) ...
#6 198.1 Setting up proj-data (9.6.0-1) ...
#6 198.2 Setting up hdf5-helpers (1.14.5+repack-3) ...
#6 198.2 Setting up libgpg-error0:amd64 (1.51-4) ...
#6 198.3 Setting up libgdbm-compat4t64:amd64 (1.24-2) ...
#6 198.3 Setting up libmagic-mgc (1:5.46-5) ...
#6 198.4 Setting up libgeos3.13.1:amd64 (3.13.1-1) ...
#6 198.4 Setting up libqhull8.0:amd64 (2020.2-6+b2) ...
#6 198.4 Setting up libtirpc-common (1.3.6+ds-1) ...
#6 198.5 Setting up libgeos-c1t64:amd64 (3.13.1-1) ...
#6 198.6 Setting up libbrotli1:amd64 (1.1.0-2+b7) ...
#6 198.6 Setting up libedit2:amd64 (3.1-20250104-1) ...
#6 198.6 Setting up libmagic1t64:amd64 (1:5.46-5) ...
#6 198.7 Setting up binutils-common:amd64 (2.44-3) ...
#6 198.8 Setting up libnghttp2-14:amd64 (1.64.0-1.1+deb13u1) ...
#6 198.8 Setting up libdeflate0:amd64 (1.23-2) ...
#6 198.8 Setting up linux-libc-dev (6.12.95-1) ...
#6 198.9 Setting up libwebpdecoder3:amd64 (1.5.0-0.1) ...
#6 198.9 Setting up libctf-nobfd0:amd64 (2.44-3) ...
#6 199.0 Setting up nginx-common (1.26.3-3+deb13u7) ...
#6 199.6 Setting up m4 (1.4.19-8) ...
#6 199.6 Setting up libevent-2.1-7t64:amd64 (2.1.12-stable-10+b1) ...
#6 199.7 Setting up libgcrypt20:amd64 (1.11.0-7+deb13u1) ...
#6 199.7 Setting up libqhull-r8.0:amd64 (2020.2-6+b2) ...
#6 199.8 Setting up libcom-err2:amd64 (1.47.2-3+b11) ...
#6 199.8 Setting up libjemalloc2:amd64 (5.3.0-3) ...
#6 199.9 Setting up libgomp1:amd64 (14.2.0-19) ...
#6 199.9 Setting up libabsl20240722:amd64 (20240722.0-4) ...
#6 200.0 Setting up locales (2.41-12+deb13u3) ...
#6 200.6 Generating locales (this might take a while)...
#6 200.6 Generation complete.
#6 200.6 Setting up libtext-wrapi18n-perl (0.06-10) ...
#6 200.7 Setting up libprotobuf-c1:amd64 (1.5.1-1) ...
#6 200.7 Setting up libjbig0:amd64 (2.1-6.1+b2) ...
#6 200.8 Setting up libpcre2-16-0:amd64 (10.46-1~deb13u1) ...
#6 200.8 Setting up libaec0:amd64 (1.1.3-1+b1) ...
#6 200.9 Setting up gdal-data (3.10.3+dfsg-1) ...
#6 200.9 Setting up libsframe1:amd64 (2.44-3) ...
#6 200.9 Setting up libelf1t64:amd64 (0.192-4) ...
#6 201.0 Setting up libjansson4:amd64 (2.14-2+b3) ...
#6 201.0 Setting up libsnappy1v5:amd64 (1.2.2-1) ...
#6 201.1 Setting up libkrb5support0:amd64 (1.21.3-5+deb13u1) ...
#6 201.1 Setting up libaom-dev:amd64 (3.12.1-1) ...
#6 201.2 Setting up libsasl2-modules-db:amd64 (2.1.28+dfsg1-9) ...
#6 201.2 Setting up libcap2-bin (1:2.75-10+deb13u1+b1) ...
#6 201.3 Setting up mariadb-common (1:11.8.6-0+deb13u1) ...
#6 201.3 update-alternatives: using /etc/mysql/mariadb.cnf to provide /etc/mysql/my.cnf (my.cnf) in auto mode
#6 201.3 Setting up libboost-serialization1.83.0:amd64 (1.83.0-4.2) ...
#6 201.4 Setting up autotools-dev (20240727.1) ...
#6 201.4 Setting up libz3-4:amd64 (4.13.3-1) ...
#6 201.5 Setting up libpcre2-32-0:amd64 (10.46-1~deb13u1) ...
#6 201.5 Setting up libblas3:amd64 (3.12.1-6) ...
#6 201.5 update-alternatives: using /usr/lib/x86_64-linux-gnu/blas/libblas.so.3 to provide /usr/lib/x86_64-linux-gnu/libblas.so.3 (libblas.so.3-x86_64-linux-gnu) in auto mode
#6 201.6 Setting up libunbound8:amd64 (1.22.0-2+deb13u3) ...
#6 201.6 Setting up libpkgconf3:amd64 (1.8.1-4) ...
#6 201.6 Setting up libgmpxx4ldbl:amd64 (2:6.3.0+dfsg-3) ...
#6 201.7 Setting up rpcsvc-proto (1.4.3-1) ...
#6 201.7 Setting up libjpeg62-turbo:amd64 (1:2.1.5-4) ...
#6 201.8 Setting up make (4.4.1-2) ...
#6 201.8 Setting up libsvtav1enc2:amd64 (2.3.0+dfsg-1) ...
#6 201.9 Setting up libmpfr6:amd64 (4.2.2-1) ...
#6 201.9 Setting up libnspr4:amd64 (2:4.36-1) ...
#6 202.0 Setting up gnupg-l10n (2.4.7-21+deb13u1) ...
#6 202.0 Setting up ssl-cert (1.1.3) ...
#6 202.4 Setting up libgeos-dev (3.13.1-1) ...
#6 202.4 Setting up liblzf1:amd64 (3.6-4+b3) ...
#6 202.5 Setting up libquadmath0:amd64 (14.2.0-19) ...
#6 202.5 Setting up libp11-kit0:amd64 (0.25.5-3) ...
#6 203.2 Setting up libproc2-0:amd64 (2:4.0.4-9) ...
#6 203.4 Setting up libunistring5:amd64 (1.3-2) ...
#6 203.4 Setting up fonts-dejavu-mono (2.37-8) ...
#6 203.6 Setting up libssl-dev:amd64 (3.5.6-1~deb13u2) ...
#6 203.6 Setting up libpng16-16t64:amd64 (1.6.48-1+deb13u5) ...
#6 203.7 Setting up libmpc3:amd64 (1.3.1-1+b3) ...
#6 203.7 Setting up python3-numpy-dev:amd64 (1:2.2.4+ds-1) ...
#6 203.8 Setting up libmnl0:amd64 (1.0.5-3) ...
#6 203.9 Setting up libatomic1:amd64 (14.2.0-19) ...
#6 204.0 Setting up postgresql-17-postgis-3-scripts (3.5.2+dfsg-1) ...
#6 204.0 update-alternatives: using /usr/share/postgresql/17/extension/postgis-3.control to provide /usr/share/postgresql/17/extension/postgis.control (postgresql-17-postgis.control) in auto mode
#6 204.1 Setting up libmariadb3:amd64 (1:11.8.6-0+deb13u1) ...
#6 204.1 Setting up fonts-dejavu-core (2.37-8) ...
#6 204.5 Setting up unixodbc-common (2.3.12-2) ...
#6 204.5 Setting up libqhullcpp8.0:amd64 (2020.2-6+b2) ...
#6 204.6 Setting up libgav1-1:amd64 (0.19.0-3+b1) ...
#6 204.6 Setting up pkgconf-bin (1.8.1-4) ...
#6 204.7 Setting up liblerc-dev:amd64 (4.0.0+ds-5) ...
#6 204.8 Setting up libk5crypto3:amd64 (1.21.3-5+deb13u1) ...
#6 204.9 Setting up libxtables12:amd64 (1.8.11-2) ...
#6 204.9 Setting up libsfcgal2 (2.0.0-1) ...
#6 205.3 Setting up libltdl7:amd64 (2.5.4-4) ...
#6 205.3 Setting up libqhull-dev:amd64 (2020.2-6+b2) ...
#6 205.5 Setting up libsasl2-2:amd64 (2.1.28+dfsg1-9) ...
#6 205.5 Setting up libgfortran5:amd64 (14.2.0-19) ...
#6 205.6 Setting up libnghttp3-9:amd64 (1.8.0-1) ...
#6 205.7 Setting up libxxhash-dev:amd64 (0.8.3-2) ...
#6 205.8 Setting up libwebp7:amd64 (1.5.0-0.1) ...
#6 205.8 Setting up libnghttp3-dev:amd64 (1.8.0-1) ...
#6 205.9 Setting up liblzma-dev:amd64 (5.8.1-1) ...
#6 206.0 Setting up libubsan1:amd64 (14.2.0-19) ...
#6 206.1 Setting up libgif7:amd64 (5.2.2-1+b1) ...
#6 206.1 Setting up libodbc2:amd64 (2.3.12-2) ...
#6 206.2 Setting up liburiparser1:amd64 (0.9.8+dfsg-2) ...
#6 206.2 Setting up libpcre2-posix3:amd64 (10.46-1~deb13u1) ...
#6 206.3 Setting up libfyba0t64:amd64 (4.1.1-11+b1) ...
#6 206.3 Setting up librttopo1:amd64 (1.1.0-4) ...
#6 206.3 Setting up libdav1d7:amd64 (1.5.1-1) ...
#6 206.4 Setting up perl-modules-5.40 (5.40.1-6) ...
#6 206.4 Setting up sensible-utils (0.0.25) ...
#6 206.5 Setting up libminizip1t64:amd64 (1:1.3.dfsg+really1.3.1-1+b1) ...
#6 206.5 Setting up libgif-dev:amd64 (5.2.2-1+b1) ...
#6 206.7 Setting up libhwasan0:amd64 (14.2.0-19) ...
#6 206.7 Setting up libcrypt-dev:amd64 (1:4.4.38-1) ...
#6 206.9 Setting up cfortran (20210827-1.1) ...
#6 207.0 Setting up libtiff6:amd64 (4.7.0-3+deb13u2) ...
#6 207.1 Setting up librav1e0.7:amd64 (0.7.1-9+b2) ...
#6 207.2 Setting up libasan8:amd64 (14.2.0-19) ...
#6 207.2 Setting up libassuan9:amd64 (3.0.2-2) ...
#6 207.4 Setting up procps (2:4.0.4-9) ...
#6 207.8 Setting up libblosc1:amd64 (1.21.5+ds-1+b2) ...
#6 207.9 Setting up gpgconf (2.4.7-21+deb13u1+b3) ...
#6 208.2 Setting up libtasn1-6:amd64 (4.20.0-2) ...
#6 208.3 Setting up libopenjp2-7:amd64 (2.5.3-2.1~deb13u2) ...
#6 208.4 Setting up libopenjp2-tools (2.5.3-2.1~deb13u2) ...
#6 208.5 Setting up libngtcp2-16:amd64 (1.11.0-1+deb13u1) ...
#6 208.6 Setting up libkrb5-3:amd64 (1.21.3-5+deb13u1) ...
#6 208.7 Setting up libicu76:amd64 (76.1-4) ...
#6 208.8 Setting up libssh2-1t64:amd64 (1.11.1-1+deb13u1) ...
#6 208.9 Setting up libtsan2:amd64 (14.2.0-19) ...
#6 208.9 Setting up libbinutils:amd64 (2.44-3) ...
#6 209.0 Setting up libisl23:amd64 (0.27-1) ...
#6 209.1 Setting up libde265-0:amd64 (1.0.15-1+b3) ...
#6 209.1 Setting up libsharpyuv-dev:amd64 (1.5.0-0.1) ...
#6 209.2 Setting up libc-dev-bin (2.41-12+deb13u3) ...
#6 209.2 Setting up libkmlbase1t64:amd64 (1.3.0-12+b2) ...
#6 209.3 Setting up libtasn1-6-dev:amd64 (4.20.0-2) ...
#6 209.3 Setting up libwebpmux3:amd64 (1.5.0-0.1) ...
#6 209.4 Setting up libtiffxx6:amd64 (4.7.0-3+deb13u2) ...
#6 209.4 Setting up libtiff-tools (4.7.0-3+deb13u2) ...
#6 209.5 Setting up libdeflate-dev:amd64 (1.23-2) ...
#6 211.1 Setting up libyuv0:amd64 (0.0.1904.20250204-1) ...
#6 211.2 Setting up libpython3.13-stdlib:amd64 (3.13.5-2+deb13u2) ...
#6 211.2 Setting up libjson-c5:amd64 (0.18+ds-1) ...
#6 211.3 Setting up libxml2:amd64 (2.12.7+dfsg+really2.9.14-2.1+deb13u2) ...
#6 211.3 Setting up libcc1-0:amd64 (14.2.0-19) ...
#6 211.4 Setting up libldap2:amd64 (2.6.10+dfsg-1) ...
#6 211.5 Setting up libbrotli-dev:amd64 (1.1.0-2+b7) ...
#6 211.5 Setting up libbpf1:amd64 (1:1.5.0-3) ...
#6 211.6 Setting up liblsan0:amd64 (14.2.0-19) ...
#6 211.6 Setting up libp11-kit-dev:amd64 (0.25.5-3) ...
#6 211.7 Setting up libblas-dev:amd64 (3.12.1-6) ...
#6 211.7 update-alternatives: using /usr/lib/x86_64-linux-gnu/blas/libblas.so to provide /usr/lib/x86_64-linux-gnu/libblas.so (libblas.so-x86_64-linux-gnu) in auto mode
#6 211.7 Setting up libsz2:amd64 (1.1.3-1+b1) ...
#6 211.8 Setting up libitm1:amd64 (14.2.0-19) ...
#6 211.8 Setting up libpython3-stdlib:amd64 (3.13.5-1) ...
#6 211.9 Setting up libodbccr2:amd64 (2.3.12-2) ...
#6 211.9 Setting up gdal-plugins:amd64 (3.10.3+dfsg-1) ...
#6 212.0 Setting up libctf0:amd64 (2.44-3) ...
#6 212.0 Setting up libksba8:amd64 (1.6.7-2+b1) ...
#6 212.1 Setting up pinentry-curses (1.3.1-2) ...
#6 212.1 Setting up libllvm19:amd64 (1:19.1.7-3+b1) ...
#6 212.2 Setting up librttopo-dev:amd64 (1.1.0-4) ...
#6 212.2 Setting up libodbcinst2:amd64 (2.3.12-2) ...
#6 212.3 Setting up libavif16:amd64 (1.2.1-1.2) ...
#6 212.3 Setting up liblapack3:amd64 (3.12.1-6) ...
#6 212.3 update-alternatives: using /usr/lib/x86_64-linux-gnu/lapack/liblapack.so.3 to provide /usr/lib/x86_64-linux-gnu/liblapack.so.3 (liblapack.so.3-x86_64-linux-gnu) in auto mode
#6 212.4 Setting up libkmlxsd1t64:amd64 (1.3.0-12+b2) ...
#6 212.4 Setting up libarpack2t64:amd64 (3.9.1-6) ...
#6 212.5 Setting up libgmp-dev:amd64 (2:6.3.0+dfsg-3) ...
#6 212.5 Setting up gpg-agent (2.4.7-21+deb13u1+b3) ...
#6 213.0 Setting up nettle-dev:amd64 (3.10.1-1) ...
#6 213.0 Setting up python3.13 (3.13.5-2+deb13u2) ...
#6 213.8 Setting up libblosc-dev:amd64 (1.21.5+ds-1+b2) ...
#6 214.1 Setting up fontconfig-config (2.15.0-2.3) ...
#6 214.2 Setting up libjson-c-dev:amd64 (0.18+ds-1) ...
#6 214.3 Setting up libfyba-dev:amd64 (4.1.1-11+b1) ...
#6 214.4 Setting up libwebpdemux2:amd64 (1.5.0-0.1) ...
#6 214.4 Setting up gpgsm (2.4.7-21+deb13u1+b3) ...
#6 214.5 Setting up libaec-dev:amd64 (1.1.3-1+b1) ...
#6 214.5 Setting up libjbig-dev:amd64 (2.1-6.1+b2) ...
#6 214.6 Setting up python3 (3.13.5-1) ...
#6 214.7 Setting up libidn2-0:amd64 (2.3.8-2) ...
#6 214.7 Setting up libnss3:amd64 (2:3.110-1+deb13u2) ...
#6 214.8 Setting up libsvtav1enc-dev:amd64 (2.3.0+dfsg-1) ...
#6 214.8 Setting up python3-autocommand (2.2.2-3) ...
#6 215.0 Setting up libsuperlu7:amd64 (7.0.1+dfsg1-2) ...
#6 215.0 Setting up pkgconf:amd64 (1.8.1-4) ...
#6 215.0 Setting up liburiparser-dev (0.9.8+dfsg-2) ...
#6 215.1 Setting up libkmldom1t64:amd64 (1.3.0-12+b2) ...
#6 215.1 Setting up libminizip-dev:amd64 (1:1.3.dfsg+really1.3.1-1+b1) ...
#6 215.2 Setting up libperl5.40:amd64 (5.40.1-6) ...
#6 215.2 Setting up perl (5.40.1-6) ...
#6 215.3 Setting up libxml2-dev:amd64 (2.12.7+dfsg+really2.9.14-2.1+deb13u2) ...
#6 215.3 Setting up libgprofng0:amd64 (2.44-3) ...
#6 215.4 Setting up libwebp-dev:amd64 (1.5.0-0.1) ...
#6 215.5 Setting up libfreetype6:amd64 (2.13.3+dfsg-1+deb13u1) ...
#6 215.5 Setting up libopenjp2-7-dev:amd64 (2.5.3-2.1~deb13u2) ...
#6 215.6 Setting up libldap-dev:amd64 (2.6.10+dfsg-1) ...
#6 215.6 Setting up redis-tools (5:8.0.2-3+deb13u2) ...
#6 215.9 Setting up libdav1d-dev:amd64 (1.5.1-1) ...
#6 215.9 Setting up liblapack-dev:amd64 (3.12.1-6) ...
#6 215.9 update-alternatives: using /usr/lib/x86_64-linux-gnu/lapack/liblapack.so to provide /usr/lib/x86_64-linux-gnu/liblapack.so (liblapack.so-x86_64-linux-gnu) in auto mode
#6 216.0 Setting up libgssapi-krb5-2:amd64 (1.21.3-5+deb13u1) ...
#6 216.0 Setting up icu-devtools (76.1-4) ...
#6 216.1 Setting up liblz4-dev:amd64 (1.10.0-4) ...
#6 216.1 Setting up cpp-14-x86-64-linux-gnu (14.2.0-19) ...
#6 216.1 Setting up python3-typing-extensions (4.13.2-1) ...
#6 216.3 Setting up ucf (3.0052) ...
#6 216.4 Setting up python3-numpy (1:2.2.4+ds-1) ...
#6 218.0 Setting up libidn2-dev:amd64 (2.3.8-2) ...
#6 218.1 Setting up cpp-14 (14.2.0-19) ...
#6 218.1 Setting up autoconf (2.72-3.1) ...
#6 218.2 Setting up libhdf4-0-alt:amd64 (4.3.0-1+b1) ...
#6 218.2 Setting up librav1e-dev:amd64 (0.7.1-9+b2) ...
#6 218.3 Setting up libyuv-dev:amd64 (0.0.1904.20250204-1) ...
#6 218.3 Setting up libfreexl1:amd64 (2.0.0-1+b3) ...
#6 218.4 Setting up libjson-perl (4.10000-1) ...
#6 218.4 Setting up libxslt1.1:amd64 (1.1.35-1.2+deb13u3) ...
#6 218.4 Setting up libc6-dev:amd64 (2.41-12+deb13u3) ...
#6 218.5 Setting up libarmadillo14 (1:14.2.3+dfsg-1+b1) ...
#6 218.6 Setting up libfontconfig1:amd64 (2.15.0-2.3) ...
#6 218.6 Setting up libgcc-14-dev:amd64 (14.2.0-19) ...
#6 218.7 Setting up libsuperlu-dev:amd64 (7.0.1+dfsg1-2) ...
#6 218.7 Setting up libstdc++-14-dev:amd64 (14.2.0-19) ...
#6 218.8 Setting up libicu-dev:amd64 (76.1-4) ...
#6 218.8 Setting up unixodbc-dev:amd64 (2.3.12-2) ...
#6 218.9 Setting up gpg (2.4.7-21+deb13u1+b3) ...
#6 219.0 Setting up binutils-x86-64-linux-gnu (2.44-3) ...
#6 219.1 Setting up cpp-x86-64-linux-gnu (4:14.2.0-1) ...
#6 219.1 Setting up libgnutls30t64:amd64 (3.8.9-3+deb13u4) ...
#6 219.2 Setting up automake (1:1.17-4) ...
#6 219.2 update-alternatives: using /usr/bin/automake-1.17 to provide /usr/bin/automake (automake) in auto mode
#6 219.2 update-alternatives: warning: skip creation of /usr/share/man/man1/automake.1.gz because associated file /usr/share/man/man1/automake-1.17.1.gz (of link group automake) doesn't exist
#6 219.2 update-alternatives: warning: skip creation of /usr/share/man/man1/aclocal.1.gz because associated file /usr/share/man/man1/aclocal-1.17.1.gz (of link group automake) doesn't exist
#6 219.3 Setting up postgresql-client-common (278) ...
#6 219.3 Setting up python3-more-itertools (10.7.0-1) ...
#6 219.5 Setting up libgnutls-openssl27t64:amd64 (3.8.9-3+deb13u4) ...
#6 219.5 Setting up libnghttp2-dev:amd64 (1.64.0-1.1+deb13u1) ...
#6 219.6 Setting up libboost1.83-dev:amd64 (1.83.0-4.2) ...
#6 219.6 Setting up libarpack2-dev:amd64 (3.9.1-6) ...
#6 219.7 Setting up python3-jaraco.functools (4.1.0-1) ...
#6 219.8 Setting up libpcre2-dev:amd64 (10.46-1~deb13u1) ...
#6 219.9 Setting up python3-jaraco.context (6.0.1-1+deb13u1) ...
#6 220.0 Setting up libtirpc3t64:amd64 (1.3.6+ds-1) ...
#6 220.1 Setting up libio-pty-perl (1:1.20-1+b3) ...
#6 220.1 Setting up libogdi4.1:amd64 (4.1.1+ds-5) ...
#6 220.2 Setting up iproute2 (6.15.0-1) ...
#6 220.3 Setting up python3-typeguard (4.4.2-1) ...
#6 220.5 Setting up libpsl5t64:amd64 (0.21.2-1.1+b1) ...
#6 220.5 Setting up libpq5:amd64 (17.10-0+deb13u1) ...
#6 220.6 Setting up libpq-dev (17.10-0+deb13u1) ...
#6 220.7 Setting up binutils (2.44-3) ...
#6 220.7 Setting up libkmlengine1t64:amd64 (1.3.0-12+b2) ...
#6 220.9 Setting up redis-server (5:8.0.2-3+deb13u2) ...
#6 221.0 invoke-rc.d: could not determine current runlevel
#6 221.0 invoke-rc.d: policy-rc.d denied execution of start.
#6 221.1 Setting up libpsl-dev:amd64 (0.21.2-1.1+b1) ...
#6 221.2 Setting up dirmngr (2.4.7-21+deb13u1+b3) ...
#6 221.3 Setting up libltdl-dev:amd64 (2.5.4-4) ...
#6 221.4 Setting up python3-inflect (7.3.1-2) ...
#6 221.5 Setting up libtirpc-dev:amd64 (1.3.6+ds-1) ...
#6 221.6 Setting up libexpat1-dev:amd64 (2.7.1-2) ...
#6 221.6 Setting up libgnutls-dane0t64:amd64 (3.8.9-3+deb13u4) ...
#6 221.7 Setting up libsqlite3-dev:amd64 (3.46.1-7+deb13u1) ...
#6 221.7 Setting up libjpeg62-turbo-dev:amd64 (1:2.1.5-4) ...
#6 221.8 Setting up librtmp1:amd64 (2.4+20151223.gitfa8646d.1-2+b5) ...
#6 221.8 Setting up libgssrpc4t64:amd64 (1.21.3-5+deb13u1) ...
#6 221.9 Setting up comerr-dev:amd64 (2.1-1.47.2-3+b11) ...
#6 222.0 Setting up libavif-dev:amd64 (1.2.1-1.2) ...
#6 222.0 Setting up libipc-run-perl (20231003.0-2) ...
#6 222.1 Setting up zlib1g-dev:amd64 (1:1.3.dfsg+really1.3.1-1+b1) ...
#6 222.1 Setting up cpp (4:14.2.0-1) ...
#6 222.2 Setting up gnupg (2.4.7-21+deb13u1) ...
#6 222.2 Setting up libboost-dev:amd64 (1.83.0.2+b2) ...
#6 222.3 Setting up libgpgme11t64:amd64 (1.24.2-3) ...
#6 222.3 Setting up libkmlconvenience1t64:amd64 (1.3.0-12+b2) ...
#6 222.4 Setting up gcc-14-x86-64-linux-gnu (14.2.0-19) ...
#6 222.4 Setting up libogdi-dev (4.1.1+ds-5) ...
#6 222.5 Setting up libngtcp2-crypto-gnutls8:amd64 (1.11.0-1+deb13u1) ...
#6 222.5 Setting up libkadm5clnt-mit12:amd64 (1.21.3-5+deb13u1) ...
#6 222.6 Setting up postgresql-common-dev (278) ...
#6 222.7 Setting up python3-pkg-resources (78.1.1-0.1) ...
#6 223.0 Setting up libgnutls28-dev:amd64 (3.8.9-3+deb13u4) ...
#6 223.1 Setting up libgpgmepp6t64:amd64 (1.24.2-3) ...
#6 223.1 Setting up supervisor (4.2.5-3) ...
#6 223.5 invoke-rc.d: could not determine current runlevel
#6 223.5 invoke-rc.d: policy-rc.d denied execution of start.
#6 223.7 Setting up libkmlregionator1t64:amd64 (1.3.0-12+b2) ...
#6 223.8 Setting up wget (1.25.0-2) ...
#6 223.8 Setting up gcc-x86-64-linux-gnu (4:14.2.0-1) ...
#6 224.0 Setting up libcurl4t64:amd64 (8.14.1-2+deb13u3) ...
#6 224.1 Setting up libkdb5-10t64:amd64 (1.21.3-5+deb13u1) ...
#6 224.2 Setting up postgresql-client-17 (17.10-0+deb13u1) ...
#6 224.7 update-alternatives: using /usr/share/postgresql/17/man/man1/psql.1.gz to provide /usr/share/man/man1/psql.1.gz (psql.1.gz) in auto mode
#6 224.7 Setting up nginx (1.26.3-3+deb13u7) ...
#6 224.8 invoke-rc.d: could not determine current runlevel
#6 224.8 invoke-rc.d: policy-rc.d denied execution of start.
#6 224.8 Setting up libfreexl-dev:amd64 (2.0.0-1+b3) ...
#6 225.4 Setting up libpng-dev:amd64 (1.6.48-1+deb13u5) ...
#6 225.6 Setting up libjpeg-dev:amd64 (1:2.1.5-4) ...
#6 226.3 Setting up libcurl3t64-gnutls:amd64 (8.14.1-2+deb13u3) ...
#6 226.4 Setting up libxerces-c3.2t64:amd64 (3.2.4+debian-1.3+b2) ...
#6 226.5 Setting up gcc-14 (14.2.0-19) ...
#6 226.5 Setting up libcfitsio10t64:amd64 (4.6.2-2) ...
#6 226.6 Setting up libtiff-dev:amd64 (4.7.0-3+deb13u2) ...
#6 226.6 Setting up libxerces-c-dev:amd64 (3.2.4+debian-1.3+b2) ...
#6 226.7 Setting up librtmp-dev:amd64 (2.4+20151223.gitfa8646d.1-2+b5) ...
#6 226.7 Setting up postgresql-common (278) ...
#6 227.3 Creating config file /etc/postgresql-common/createcluster.conf with new version
#6 227.4 Building PostgreSQL dictionaries from installed myspell/hunspell packages...
#6 227.4 Removing obsolete dictionary files:
#6 227.4 invoke-rc.d: could not determine current runlevel
#6 227.5 invoke-rc.d: policy-rc.d denied execution of start.
#6 227.6 Setting up libssh2-1-dev:amd64 (1.11.1-1+deb13u1) ...
#6 227.7 Setting up g++-14-x86-64-linux-gnu (14.2.0-19) ...
#6 227.7 Setting up libmariadb-dev (1:11.8.6-0+deb13u1) ...
#6 227.8 Setting up libhdf5-310:amd64 (1.14.5+repack-3) ...
#6 227.8 Setting up libkadm5srv-mit12:amd64 (1.21.3-5+deb13u1) ...
#6 227.9 Setting up g++-x86-64-linux-gnu (4:14.2.0-1) ...
#6 227.9 Setting up curl (8.14.1-2+deb13u3) ...
#6 228.0 Setting up g++-14 (14.2.0-19) ...
#6 228.0 Setting up libhdf5-fortran-310:amd64 (1.14.5+repack-3) ...
#6 228.1 Setting up krb5-multidev:amd64 (1.21.3-5+deb13u1) ...
#6 228.1 Setting up libhdf5-cpp-310:amd64 (1.14.5+repack-3) ...
#6 228.2 Setting up libkml-dev:amd64 (1.3.0-12+b2) ...
#6 228.2 Setting up libmariadb-dev-compat (1:11.8.6-0+deb13u1) ...
#6 228.3 Setting up libhdf5-hl-310:amd64 (1.14.5+repack-3) ...
#6 228.3 Setting up postgresql-17 (17.10-0+deb13u1) ...
#6 229.0 Creating new PostgreSQL cluster 17/main ...
#6 229.1 /usr/lib/postgresql/17/bin/initdb -D /var/lib/postgresql/17/main --auth-local peer --auth-host scram-sha-256 --no-instructions
#6 229.1 The files belonging to this database system will be owned by user "postgres".
#6 229.1 This user must also own the server process.
#6 229.1 
#6 229.1 The database cluster will be initialized with locale "C.UTF-8".
#6 229.1 The default database encoding has accordingly been set to "UTF8".
#6 229.1 The default text search configuration will be set to "english".
#6 229.1 
#6 229.1 Data page checksums are disabled.
#6 229.1 
#6 229.1 fixing permissions on existing directory /var/lib/postgresql/17/main ... ok
#6 229.1 creating subdirectories ... ok
#6 229.1 selecting dynamic shared memory implementation ... posix
#6 229.1 selecting default "max_connections" ... 100
#6 229.1 selecting default "shared_buffers" ... 128MB
#6 229.1 selecting default time zone ... Etc/UTC
#6 229.1 creating configuration files ... ok
#6 229.1 running bootstrap script ... ok
#6 229.2 performing post-bootstrap initialization ... ok
#6 229.6 syncing data to disk ... ok
#6 237.2 invoke-rc.d: could not determine current runlevel
#6 237.2 invoke-rc.d: policy-rc.d denied execution of start.
#6 237.3 Setting up libcfitsio-dev:amd64 (4.6.2-2) ...
#6 237.3 Setting up libpoppler147:amd64 (25.03.0-5+deb13u3) ...
#6 237.4 Setting up libproj25:amd64 (9.6.0-1) ...
#6 237.4 Setting up libnetcdf22:amd64 (1:4.9.3-1) ...
#6 237.5 Setting up gcc (4:14.2.0-1) ...
#6 237.6 Setting up libgeotiff5:amd64 (1.7.4-1) ...
#6 237.6 Setting up libkrb5-dev:amd64 (1.21.3-5+deb13u1) ...
#6 237.7 Setting up libcurl4-openssl-dev:amd64 (8.14.1-2+deb13u3) ...
#6 237.7 Setting up libproj-dev:amd64 (9.6.0-1) ...
#6 237.8 Setting up g++ (4:14.2.0-1) ...
#6 237.8 update-alternatives: using /usr/bin/g++ to provide /usr/bin/c++ (c++) in auto mode
#6 237.8 Setting up libspatialite8t64:amd64 (5.1.0-3+b2) ...
#6 237.9 Setting up default-libmysqlclient-dev:amd64 (1.1.1) ...
#6 237.9 Setting up libpoppler-dev:amd64 (25.03.0-5+deb13u3) ...
#6 238.0 Setting up libhdf5-hl-cpp-310:amd64 (1.14.5+repack-3) ...
#6 238.0 Setting up libhdf5-hl-fortran-310:amd64 (1.14.5+repack-3) ...
#6 238.1 Setting up libgeotiff-dev:amd64 (1.7.4-1) ...
#6 238.1 Setting up libpoppler-private-dev:amd64 (25.03.0-5+deb13u3) ...
#6 238.2 Setting up libhdf5-dev (1.14.5+repack-3) ...
#6 238.2 update-alternatives: using /usr/lib/x86_64-linux-gnu/pkgconfig/hdf5-serial.pc to provide /usr/lib/x86_64-linux-gnu/pkgconfig/hdf5.pc (hdf5.pc) in auto mode
#6 238.3 Setting up libnetcdf-dev (1:4.9.3-1) ...
#6 238.3 Setting up libspatialite-dev:amd64 (5.1.0-3+b2) ...
#6 238.4 Setting up libarmadillo-dev (1:14.2.3+dfsg-1+b1) ...
#6 238.4 Setting up libhdf4-alt-dev (4.3.0-1+b1) ...
#6 238.5 Setting up libheif-plugin-dav1d:amd64 (1.19.8-1) ...
#6 238.5 Setting up libheif-plugin-libde265:amd64 (1.19.8-1) ...
#6 238.6 Setting up libheif1:amd64 (1.19.8-1) ...
#6 238.6 Setting up libheif-dev:amd64 (1.19.8-1) ...
#6 238.7 Setting up libgdal36:amd64 (3.10.3+dfsg-1) ...
#6 238.8 Setting up postgresql-17-postgis-3 (3.5.2+dfsg-1) ...
#6 238.8 Setting up python3-gdal (3.10.3+dfsg-1) ...
#6 239.3 Setting up gdal-bin (3.10.3+dfsg-1) ...
#6 239.5 Setting up libgdal-dev (3.10.3+dfsg-1) ...
#6 239.5 Processing triggers for libc-bin (2.41-12+deb13u3) ...
#6 DONE 242.8s

#7 [ 3/22] RUN wget -q https://dl.min.io/server/minio/release/linux-amd64/minio -O /usr/local/bin/minio     && wget -q https://dl.min.io/client/mc/release/linux-amd64/mc -O /usr/local/bin/mc     && chmod +x /usr/local/bin/minio /usr/local/bin/mc
#7 DONE 39.8s

#8 [ 4/22] RUN echo "numpy<2" > /tmp/constraints.txt
#8 DONE 0.4s

#9 [ 5/22] COPY fastapi/requirements.txt /tmp/req-api.txt
#9 DONE 0.2s

#10 [ 6/22] RUN python3 -m venv /opt/venv-api     && /opt/venv-api/bin/pip install --no-cache-dir -U pip setuptools wheel     && /opt/venv-api/bin/pip install --no-cache-dir -c /tmp/constraints.txt "numpy<2"     && /opt/venv-api/bin/pip install --no-cache-dir --no-build-isolation "GDAL==$(gdal-config --version)"     && grep -viE '^GDAL==' /tmp/req-api.txt > /tmp/req-api.clean.txt     && /opt/venv-api/bin/pip install --no-cache-dir -c /tmp/constraints.txt -r /tmp/req-api.clean.txt
#10 4.490 Requirement already satisfied: pip in /opt/venv-api/lib/python3.11/site-packages (24.0)
#10 4.638 Collecting pip
#10 4.761   Downloading pip-26.1.2-py3-none-any.whl.metadata (4.6 kB)
#10 4.765 Requirement already satisfied: setuptools in /opt/venv-api/lib/python3.11/site-packages (79.0.1)
#10 4.971 Collecting setuptools
#10 4.989   Downloading setuptools-83.0.0-py3-none-any.whl.metadata (6.6 kB)
#10 5.043 Collecting wheel
#10 5.085   Downloading wheel-0.47.0-py3-none-any.whl.metadata (2.3 kB)
#10 5.164 Collecting packaging>=24.0 (from wheel)
#10 5.191   Downloading packaging-26.2-py3-none-any.whl.metadata (3.5 kB)
#10 5.219 Downloading pip-26.1.2-py3-none-any.whl (1.8 MB)
#10 5.651    ━━━━━━━━━━━━━━━━━━━━━━━━━━━━━━━━━━━━━━━━ 1.8/1.8 MB 4.2 MB/s eta 0:00:00
#10 5.668 Downloading setuptools-83.0.0-py3-none-any.whl (1.0 MB)
#10 5.907    ━━━━━━━━━━━━━━━━━━━━━━━━━━━━━━━━━━━━━━━━ 1.0/1.0 MB 4.2 MB/s eta 0:00:00
#10 5.927 Downloading wheel-0.47.0-py3-none-any.whl (32 kB)
#10 5.964 Downloading packaging-26.2-py3-none-any.whl (100 kB)
#10 5.984    ━━━━━━━━━━━━━━━━━━━━━━━━━━━━━━━━━━━━━━━━ 100.2/100.2 kB 6.6 MB/s eta 0:00:00
#10 6.087 Installing collected packages: setuptools, pip, packaging, wheel
#10 6.087   Attempting uninstall: setuptools
#10 6.090     Found existing installation: setuptools 79.0.1
#10 6.118     Uninstalling setuptools-79.0.1:
#10 6.131       Successfully uninstalled setuptools-79.0.1
#10 6.697   Attempting uninstall: pip
#10 6.700     Found existing installation: pip 24.0
#10 6.732     Uninstalling pip-24.0:
#10 6.739       Successfully uninstalled pip-24.0
#10 7.617 Successfully installed packaging-26.2 pip-26.1.2 setuptools-83.0.0 wheel-0.47.0
#10 9.367 Collecting numpy<2
#10 9.446   Downloading numpy-1.26.4-cp311-cp311-manylinux_2_17_x86_64.manylinux2014_x86_64.whl.metadata (61 kB)
#10 9.517 Downloading numpy-1.26.4-cp311-cp311-manylinux_2_17_x86_64.manylinux2014_x86_64.whl (18.3 MB)
#10 14.47    ━━━━━━━━━━━━━━━━━━━━━━━━━━━━━━━━━━━━━━━━ 18.3/18.3 MB 3.7 MB/s  0:00:04
#10 14.52 Installing collected packages: numpy
#10 16.76 Successfully installed numpy-1.26.4
#10 17.30 Collecting GDAL==3.10.3
#10 17.39   Downloading gdal-3.10.3.tar.gz (838 kB)
#10 17.61      ━━━━━━━━━━━━━━━━━━━━━━━━━━━━━━━━━━━━━━━━ 838.2/838.2 kB 3.5 MB/s  0:00:00
#10 17.68   Preparing metadata (pyproject.toml): started
#10 17.99   Preparing metadata (pyproject.toml): finished with status 'done'
#10 17.99 Building wheels for collected packages: GDAL
#10 18.00   Building wheel for GDAL (pyproject.toml): started
#10 50.61   Building wheel for GDAL (pyproject.toml): finished with status 'done'
#10 50.62   Created wheel for GDAL: filename=gdal-3.10.3-cp311-cp311-linux_x86_64.whl size=5846999 sha256=71b1b29ef24abcfd7973cc65485d9de8bbe99e2c70cb073fde087293d7cb3875
#10 50.62   Stored in directory: /tmp/pip-ephem-wheel-cache-_41_hazs/wheels/f8/5e/02/b406446139243b0d6c98c87665ccfbc09cd64f1bf88140822f
#10 50.63 Successfully built GDAL
#10 50.64 Installing collected packages: GDAL
#10 51.00 Successfully installed GDAL-3.10.3
#10 51.60 Collecting fastapi==0.109.0 (from -r /tmp/req-api.clean.txt (line 1))
#10 51.71   Downloading fastapi-0.109.0-py3-none-any.whl.metadata (24 kB)
#10 51.78 Collecting uvicorn==0.27.0 (from -r /tmp/req-api.clean.txt (line 2))
#10 51.80   Downloading uvicorn-0.27.0-py3-none-any.whl.metadata (6.4 kB)
#10 51.84 Collecting pyjwt==2.8.0 (from -r /tmp/req-api.clean.txt (line 3))
#10 51.86   Downloading PyJWT-2.8.0-py3-none-any.whl.metadata (4.2 kB)
#10 51.96 Collecting psycopg2-binary==2.9.9 (from -r /tmp/req-api.clean.txt (line 4))
#10 51.98   Downloading psycopg2_binary-2.9.9-cp311-cp311-manylinux_2_17_x86_64.manylinux2014_x86_64.whl.metadata (4.4 kB)
#10 52.03 Collecting bcrypt==4.1.2 (from -r /tmp/req-api.clean.txt (line 5))
#10 52.05   Downloading bcrypt-4.1.2-cp39-abi3-manylinux_2_28_x86_64.whl.metadata (9.5 kB)
#10 52.35 Collecting boto3==1.34.0 (from -r /tmp/req-api.clean.txt (line 6))
#10 52.37   Downloading boto3-1.34.0-py3-none-any.whl.metadata (6.6 kB)
#10 52.40 Collecting python-multipart==0.0.6 (from -r /tmp/req-api.clean.txt (line 7))
#10 52.41   Downloading python_multipart-0.0.6-py3-none-any.whl.metadata (2.5 kB)
#10 52.44 Collecting httpx==0.27.0 (from -r /tmp/req-api.clean.txt (line 8))
#10 52.50   Downloading httpx-0.27.0-py3-none-any.whl.metadata (7.2 kB)
#10 52.76 Collecting Pillow>=10.0.0 (from -r /tmp/req-api.clean.txt (line 9))
#10 52.77   Downloading pillow-12.3.0-cp311-cp311-manylinux_2_27_x86_64.manylinux_2_28_x86_64.whl.metadata (9.1 kB)
#10 52.78 Requirement already satisfied: numpy>=1.24.0 in ./opt/venv-api/lib/python3.11/site-packages (from -r /tmp/req-api.clean.txt (line 10)) (1.26.4)
#10 53.06 Collecting pyproj>=3.6.0 (from -r /tmp/req-api.clean.txt (line 11))
#10 53.08   Downloading pyproj-3.7.2-cp311-cp311-manylinux_2_28_x86_64.whl.metadata (31 kB)
#10 53.40 Collecting sqlalchemy>=2.0.0 (from -r /tmp/req-api.clean.txt (line 13))
#10 53.42   Downloading sqlalchemy-2.0.51-cp311-cp311-manylinux2014_x86_64.manylinux_2_17_x86_64.manylinux_2_28_x86_64.whl.metadata (9.5 kB)
#10 53.66 Collecting geoalchemy2>=0.14.0 (from -r /tmp/req-api.clean.txt (line 14))
#10 53.68   Downloading geoalchemy2-0.20.0-py3-none-any.whl.metadata (2.0 kB)
#10 53.72 Collecting python-jose>=3.3.0 (from python-jose[cryptography]>=3.3.0->-r /tmp/req-api.clean.txt (line 16))
#10 53.74   Downloading python_jose-3.5.0-py2.py3-none-any.whl.metadata (5.5 kB)
#10 53.76 Collecting passlib>=1.7.4 (from passlib[bcrypt]>=1.7.4->-r /tmp/req-api.clean.txt (line 17))
#10 53.77   Downloading passlib-1.7.4-py2.py3-none-any.whl.metadata (1.7 kB)
#10 53.79 Collecting slowapi>=0.1.9 (from -r /tmp/req-api.clean.txt (line 19))
#10 53.81   Downloading slowapi-0.1.10-py3-none-any.whl.metadata (3.3 kB)
#10 53.85 Collecting pydantic-settings>=2.0.0 (from -r /tmp/req-api.clean.txt (line 21))
#10 53.87   Downloading pydantic_settings-2.14.2-py3-none-any.whl.metadata (3.4 kB)
#10 53.91 Collecting anthropic>=0.40.0 (from -r /tmp/req-api.clean.txt (line 23))
#10 53.93   Downloading anthropic-0.116.0-py3-none-any.whl.metadata (3.2 kB)
#10 53.96 Collecting celery>=5.3.0 (from celery[redis]>=5.3.0->-r /tmp/req-api.clean.txt (line 25))
#10 53.98   Downloading celery-5.6.3-py3-none-any.whl.metadata (23 kB)
#10 54.03 Collecting redis>=5.0.0 (from -r /tmp/req-api.clean.txt (line 26))
#10 54.04   Downloading redis-8.0.1-py3-none-any.whl.metadata (13 kB)
#10 54.08 Collecting minio>=7.2.0 (from -r /tmp/req-api.clean.txt (line 28))
#10 54.10   Downloading minio-7.2.20-py3-none-any.whl.metadata (6.5 kB)
#10 54.42 Collecting rasterio>=1.3.9 (from -r /tmp/req-api.clean.txt (line 30))
#10 54.44   Downloading rasterio-1.4.4-cp311-cp311-manylinux_2_28_x86_64.whl.metadata (9.3 kB)
#10 54.54 Collecting shapely>=2.0.0 (from -r /tmp/req-api.clean.txt (line 31))
#10 54.56   Downloading shapely-2.1.2-cp311-cp311-manylinux2014_x86_64.manylinux_2_17_x86_64.whl.metadata (6.8 kB)
#10 54.86 Collecting fiona>=1.9.0 (from -r /tmp/req-api.clean.txt (line 32))
#10 54.88   Downloading fiona-1.10.1-cp311-cp311-manylinux_2_17_x86_64.manylinux2014_x86_64.whl.metadata (56 kB)
#10 54.91 Collecting python-magic>=0.4.27 (from -r /tmp/req-api.clean.txt (line 34))
#10 54.93   Downloading python_magic-0.4.27-py2.py3-none-any.whl.metadata (5.8 kB)
#10 54.96 Collecting pytest>=8.0.0 (from -r /tmp/req-api.clean.txt (line 36))
#10 54.98   Downloading pytest-9.1.1-py3-none-any.whl.metadata (7.6 kB)
#10 55.14 Collecting pydantic!=1.8,!=1.8.1,!=2.0.0,!=2.0.1,!=2.1.0,<3.0.0,>=1.7.4 (from fastapi==0.109.0->-r /tmp/req-api.clean.txt (line 1))
#10 55.16   Downloading pydantic-2.13.4-py3-none-any.whl.metadata (109 kB)
#10 55.21 Collecting starlette<0.36.0,>=0.35.0 (from fastapi==0.109.0->-r /tmp/req-api.clean.txt (line 1))
#10 55.23   Downloading starlette-0.35.1-py3-none-any.whl.metadata (5.8 kB)
#10 55.29 Collecting typing-extensions>=4.8.0 (from fastapi==0.109.0->-r /tmp/req-api.clean.txt (line 1))
#10 55.31   Downloading typing_extensions-4.16.0-py3-none-any.whl.metadata (3.3 kB)
#10 55.33 Collecting click>=7.0 (from uvicorn==0.27.0->-r /tmp/req-api.clean.txt (line 2))
#10 55.35   Downloading click-8.4.2-py3-none-any.whl.metadata (2.6 kB)
#10 55.37 Collecting h11>=0.8 (from uvicorn==0.27.0->-r /tmp/req-api.clean.txt (line 2))
#10 55.39   Downloading h11-0.16.0-py3-none-any.whl.metadata (8.3 kB)
#10 55.67 Collecting botocore<1.35.0,>=1.34.0 (from boto3==1.34.0->-r /tmp/req-api.clean.txt (line 6))
#10 55.69   Downloading botocore-1.34.162-py3-none-any.whl.metadata (5.7 kB)
#10 55.71 Collecting jmespath<2.0.0,>=0.7.1 (from boto3==1.34.0->-r /tmp/req-api.clean.txt (line 6))
#10 55.73   Downloading jmespath-1.1.0-py3-none-any.whl.metadata (7.6 kB)
#10 55.75 Collecting s3transfer<0.10.0,>=0.9.0 (from boto3==1.34.0->-r /tmp/req-api.clean.txt (line 6))
#10 55.77   Downloading s3transfer-0.9.0-py3-none-any.whl.metadata (1.7 kB)
#10 55.80 Collecting anyio (from httpx==0.27.0->-r /tmp/req-api.clean.txt (line 8))
#10 55.82   Downloading anyio-4.14.1-py3-none-any.whl.metadata (4.6 kB)
#10 55.85 Collecting certifi (from httpx==0.27.0->-r /tmp/req-api.clean.txt (line 8))
#10 55.87   Downloading certifi-2026.6.17-py3-none-any.whl.metadata (2.5 kB)
#10 55.89 Collecting httpcore==1.* (from httpx==0.27.0->-r /tmp/req-api.clean.txt (line 8))
#10 55.91   Downloading httpcore-1.0.9-py3-none-any.whl.metadata (21 kB)
#10 55.94 Collecting idna (from httpx==0.27.0->-r /tmp/req-api.clean.txt (line 8))
#10 55.96   Downloading idna-3.18-py3-none-any.whl.metadata (6.1 kB)
#10 55.97 Collecting sniffio (from httpx==0.27.0->-r /tmp/req-api.clean.txt (line 8))
#10 55.99   Downloading sniffio-1.3.1-py3-none-any.whl.metadata (3.9 kB)
#10 56.01 Collecting python-dateutil<3.0.0,>=2.1 (from botocore<1.35.0,>=1.34.0->boto3==1.34.0->-r /tmp/req-api.clean.txt (line 6))
#10 56.03   Downloading python_dateutil-2.9.0.post0-py2.py3-none-any.whl.metadata (8.4 kB)
#10 56.06 Collecting urllib3!=2.2.0,<3,>=1.25.4 (from botocore<1.35.0,>=1.34.0->boto3==1.34.0->-r /tmp/req-api.clean.txt (line 6))
#10 56.09   Downloading urllib3-2.7.0-py3-none-any.whl.metadata (6.9 kB)
#10 56.12 Collecting annotated-types>=0.6.0 (from pydantic!=1.8,!=1.8.1,!=2.0.0,!=2.0.1,!=2.1.0,<3.0.0,>=1.7.4->fastapi==0.109.0->-r /tmp/req-api.clean.txt (line 1))
#10 56.17   Downloading annotated_types-0.7.0-py3-none-any.whl.metadata (15 kB)
#10 57.13 Collecting pydantic-core==2.46.4 (from pydantic!=1.8,!=1.8.1,!=2.0.0,!=2.0.1,!=2.1.0,<3.0.0,>=1.7.4->fastapi==0.109.0->-r /tmp/req-api.clean.txt (line 1))
#10 57.16   Downloading pydantic_core-2.46.4-cp311-cp311-manylinux_2_17_x86_64.manylinux2014_x86_64.whl.metadata (6.6 kB)
#10 57.19 Collecting typing-inspection>=0.4.2 (from pydantic!=1.8,!=1.8.1,!=2.0.0,!=2.0.1,!=2.1.0,<3.0.0,>=1.7.4->fastapi==0.109.0->-r /tmp/req-api.clean.txt (line 1))
#10 57.22   Downloading typing_inspection-0.4.2-py3-none-any.whl.metadata (2.6 kB)
#10 57.25 Collecting six>=1.5 (from python-dateutil<3.0.0,>=2.1->botocore<1.35.0,>=1.34.0->boto3==1.34.0->-r /tmp/req-api.clean.txt (line 6))
#10 57.28   Downloading six-1.17.0-py2.py3-none-any.whl.metadata (1.7 kB)
#10 57.53 Collecting greenlet>=1 (from sqlalchemy>=2.0.0->-r /tmp/req-api.clean.txt (line 13))
#10 57.56   Downloading greenlet-3.5.3-cp311-cp311-manylinux_2_24_x86_64.manylinux_2_28_x86_64.whl.metadata (3.8 kB)
#10 57.56 Requirement already satisfied: packaging in ./opt/venv-api/lib/python3.11/site-packages (from geoalchemy2>=0.14.0->-r /tmp/req-api.clean.txt (line 14)) (26.2)
#10 57.59 Collecting ecdsa!=0.15 (from python-jose>=3.3.0->python-jose[cryptography]>=3.3.0->-r /tmp/req-api.clean.txt (line 16))
#10 57.62   Downloading ecdsa-0.19.2-py2.py3-none-any.whl.metadata (29 kB)
#10 57.65 Collecting rsa!=4.1.1,!=4.4,<5.0,>=4.0 (from python-jose>=3.3.0->python-jose[cryptography]>=3.3.0->-r /tmp/req-api.clean.txt (line 16))
#10 57.68   Downloading rsa-4.9.1-py3-none-any.whl.metadata (5.6 kB)
#10 57.72 Collecting pyasn1>=0.5.0 (from python-jose>=3.3.0->python-jose[cryptography]>=3.3.0->-r /tmp/req-api.clean.txt (line 16))
#10 57.75   Downloading pyasn1-0.6.3-py3-none-any.whl.metadata (8.4 kB)
#10 57.79 Collecting limits>=2.3 (from slowapi>=0.1.9->-r /tmp/req-api.clean.txt (line 19))
#10 57.82   Downloading limits-5.8.0-py3-none-any.whl.metadata (10 kB)
#10 57.85 Collecting python-dotenv>=0.21.0 (from pydantic-settings>=2.0.0->-r /tmp/req-api.clean.txt (line 21))
#10 57.87   Downloading python_dotenv-1.2.2-py3-none-any.whl.metadata (27 kB)
#10 57.92 Collecting distro<2,>=1.7.0 (from anthropic>=0.40.0->-r /tmp/req-api.clean.txt (line 23))
#10 57.94   Downloading distro-1.9.0-py3-none-any.whl.metadata (6.8 kB)
#10 57.97 Collecting docstring-parser<1,>=0.15 (from anthropic>=0.40.0->-r /tmp/req-api.clean.txt (line 23))
#10 58.02   Downloading docstring_parser-0.18.0-py3-none-any.whl.metadata (3.5 kB)
#10 58.12 Collecting jiter<1,>=0.4.0 (from anthropic>=0.40.0->-r /tmp/req-api.clean.txt (line 23))
#10 58.14   Downloading jiter-0.16.0-cp311-cp311-manylinux_2_17_x86_64.manylinux2014_x86_64.whl.metadata (5.2 kB)
#10 58.17 Collecting billiard<5.0,>=4.2.1 (from celery>=5.3.0->celery[redis]>=5.3.0->-r /tmp/req-api.clean.txt (line 25))
#10 58.19   Downloading billiard-4.2.4-py3-none-any.whl.metadata (4.8 kB)
#10 58.22 Collecting kombu>=5.6.0 (from celery>=5.3.0->celery[redis]>=5.3.0->-r /tmp/req-api.clean.txt (line 25))
#10 58.24   Downloading kombu-5.6.2-py3-none-any.whl.metadata (3.5 kB)
#10 58.26 Collecting vine<6.0,>=5.1.0 (from celery>=5.3.0->celery[redis]>=5.3.0->-r /tmp/req-api.clean.txt (line 25))
#10 58.28   Downloading vine-5.1.0-py3-none-any.whl.metadata (2.7 kB)
#10 58.30 Collecting click-didyoumean>=0.3.0 (from celery>=5.3.0->celery[redis]>=5.3.0->-r /tmp/req-api.clean.txt (line 25))
#10 58.31   Downloading click_didyoumean-0.3.1-py3-none-any.whl.metadata (3.9 kB)
#10 58.34 Collecting click-repl>=0.2.0 (from celery>=5.3.0->celery[redis]>=5.3.0->-r /tmp/req-api.clean.txt (line 25))
#10 58.35   Downloading click_repl-0.3.0-py3-none-any.whl.metadata (3.6 kB)
#10 58.37 Collecting click-plugins>=1.1.1 (from celery>=5.3.0->celery[redis]>=5.3.0->-r /tmp/req-api.clean.txt (line 25))
#10 58.39   Downloading click_plugins-1.1.1.2-py2.py3-none-any.whl.metadata (6.5 kB)
#10 58.41 Collecting tzlocal (from celery>=5.3.0->celery[redis]>=5.3.0->-r /tmp/req-api.clean.txt (line 25))
#10 58.43   Downloading tzlocal-5.4.4-py3-none-any.whl.metadata (7.7 kB)
#10 58.46 Collecting argon2-cffi (from minio>=7.2.0->-r /tmp/req-api.clean.txt (line 28))
#10 58.48   Downloading argon2_cffi-25.1.0-py3-none-any.whl.metadata (4.1 kB)
#10 58.64 Collecting pycryptodome (from minio>=7.2.0->-r /tmp/req-api.clean.txt (line 28))
#10 58.67   Downloading pycryptodome-3.23.0-cp37-abi3-manylinux_2_17_x86_64.manylinux2014_x86_64.whl.metadata (3.4 kB)
#10 58.91 Collecting affine (from rasterio>=1.3.9->-r /tmp/req-api.clean.txt (line 30))
#10 58.92   Downloading affine-2.4.0-py3-none-any.whl.metadata (4.0 kB)
#10 58.94 Collecting attrs (from rasterio>=1.3.9->-r /tmp/req-api.clean.txt (line 30))
#10 58.96   Downloading attrs-26.1.0-py3-none-any.whl.metadata (8.8 kB)
#10 59.20 Collecting cligj>=0.5 (from rasterio>=1.3.9->-r /tmp/req-api.clean.txt (line 30))
#10 59.22   Downloading cligj-0.7.2-py3-none-any.whl.metadata (5.0 kB)
#10 59.25 Collecting pyparsing (from rasterio>=1.3.9->-r /tmp/req-api.clean.txt (line 30))
#10 59.27   Downloading pyparsing-3.3.2-py3-none-any.whl.metadata (5.8 kB)
#10 59.34 Collecting iniconfig>=1.0.1 (from pytest>=8.0.0->-r /tmp/req-api.clean.txt (line 36))
#10 59.36   Downloading iniconfig-2.3.0-py3-none-any.whl.metadata (2.5 kB)
#10 59.38 Collecting pluggy<2,>=1.5 (from pytest>=8.0.0->-r /tmp/req-api.clean.txt (line 36))
#10 59.39   Downloading pluggy-1.6.0-py3-none-any.whl.metadata (4.8 kB)
#10 59.42 Collecting pygments>=2.7.2 (from pytest>=8.0.0->-r /tmp/req-api.clean.txt (line 36))
#10 59.46   Downloading pygments-2.20.0-py3-none-any.whl.metadata (2.5 kB)
#10 59.50 Collecting prompt-toolkit>=3.0.36 (from click-repl>=0.2.0->celery>=5.3.0->celery[redis]>=5.3.0->-r /tmp/req-api.clean.txt (line 25))
#10 59.52   Downloading prompt_toolkit-3.0.52-py3-none-any.whl.metadata (6.4 kB)
#10 59.56 Collecting amqp<6.0.0,>=5.1.1 (from kombu>=5.6.0->celery>=5.3.0->celery[redis]>=5.3.0->-r /tmp/req-api.clean.txt (line 25))
#10 59.58   Downloading amqp-5.3.1-py3-none-any.whl.metadata (8.9 kB)
#10 59.62 Collecting tzdata>=2025.2 (from kombu>=5.6.0->celery>=5.3.0->celery[redis]>=5.3.0->-r /tmp/req-api.clean.txt (line 25))
#10 59.64   Downloading tzdata-2026.2-py2.py3-none-any.whl.metadata (1.4 kB)
#10 59.67 Collecting deprecated>=1.2 (from limits>=2.3->slowapi>=0.1.9->-r /tmp/req-api.clean.txt (line 19))
#10 59.69   Downloading deprecated-1.3.1-py2.py3-none-any.whl.metadata (5.9 kB)
#10 60.25 Collecting wrapt<3,>=1.10 (from deprecated>=1.2->limits>=2.3->slowapi>=0.1.9->-r /tmp/req-api.clean.txt (line 19))
#10 60.27   Downloading wrapt-2.2.2-cp311-cp311-manylinux1_x86_64.manylinux_2_28_x86_64.manylinux_2_5_x86_64.whl.metadata (7.4 kB)
#10 60.29 Collecting wcwidth (from prompt-toolkit>=3.0.36->click-repl>=0.2.0->celery>=5.3.0->celery[redis]>=5.3.0->-r /tmp/req-api.clean.txt (line 25))
#10 60.31   Downloading wcwidth-0.8.2-py3-none-any.whl.metadata (43 kB)
#10 60.60 Collecting cryptography>=3.4.0 (from python-jose[cryptography]>=3.3.0->-r /tmp/req-api.clean.txt (line 16))
#10 60.62   Downloading cryptography-49.0.0-cp311-abi3-manylinux_2_34_x86_64.whl.metadata (4.3 kB)
#10 60.74 Collecting cffi>=2.0.0 (from cryptography>=3.4.0->python-jose[cryptography]>=3.3.0->-r /tmp/req-api.clean.txt (line 16))
#10 60.76   Downloading cffi-2.1.0-cp311-cp311-manylinux2014_x86_64.manylinux_2_17_x86_64.whl.metadata (2.5 kB)
#10 60.77 Collecting pycparser (from cffi>=2.0.0->cryptography>=3.4.0->python-jose[cryptography]>=3.3.0->-r /tmp/req-api.clean.txt (line 16))
#10 60.79   Downloading pycparser-3.0-py3-none-any.whl.metadata (8.2 kB)
#10 60.82 Collecting argon2-cffi-bindings (from argon2-cffi->minio>=7.2.0->-r /tmp/req-api.clean.txt (line 28))
#10 60.84   Downloading argon2_cffi_bindings-25.1.0-cp39-abi3-manylinux_2_26_x86_64.manylinux_2_28_x86_64.whl.metadata (7.4 kB)
#10 60.84 Collecting redis>=5.0.0 (from -r /tmp/req-api.clean.txt (line 26))
#10 60.86   Downloading redis-6.4.0-py3-none-any.whl.metadata (10 kB)
#10 60.90 Downloading fastapi-0.109.0-py3-none-any.whl (92 kB)
#10 60.92 Downloading uvicorn-0.27.0-py3-none-any.whl (60 kB)
#10 60.95 Downloading PyJWT-2.8.0-py3-none-any.whl (22 kB)
#10 60.97 Downloading psycopg2_binary-2.9.9-cp311-cp311-manylinux_2_17_x86_64.manylinux2014_x86_64.whl (3.0 MB)
#10 61.57    ━━━━━━━━━━━━━━━━━━━━━━━━━━━━━━━━━━━━━━━━ 3.0/3.0 MB 5.1 MB/s  0:00:00
#10 61.59 Downloading bcrypt-4.1.2-cp39-abi3-manylinux_2_28_x86_64.whl (698 kB)
#10 61.73    ━━━━━━━━━━━━━━━━━━━━━━━━━━━━━━━━━━━━━━━━ 698.9/698.9 kB 5.1 MB/s  0:00:00
#10 61.75 Downloading boto3-1.34.0-py3-none-any.whl (139 kB)
#10 61.79 Downloading python_multipart-0.0.6-py3-none-any.whl (45 kB)
#10 61.81 Downloading httpx-0.27.0-py3-none-any.whl (75 kB)
#10 61.85 Downloading botocore-1.34.162-py3-none-any.whl (12.5 MB)
#10 64.94    ━━━━━━━━━━━━━━━━━━━━━━━━━━━━━━━━━━━━━━━━ 12.5/12.5 MB 4.0 MB/s  0:00:03
#10 64.99 Downloading httpcore-1.0.9-py3-none-any.whl (78 kB)
#10 65.02 Downloading jmespath-1.1.0-py3-none-any.whl (20 kB)
#10 65.05 Downloading pydantic-2.13.4-py3-none-any.whl (472 kB)
#10 65.18 Downloading pydantic_core-2.46.4-cp311-cp311-manylinux_2_17_x86_64.manylinux2014_x86_64.whl (2.1 MB)
#10 65.82    ━━━━━━━━━━━━━━━━━━━━━━━━━━━━━━━━━━━━━━━━ 2.1/2.1 MB 3.2 MB/s  0:00:00
#10 65.84 Downloading python_dateutil-2.9.0.post0-py2.py3-none-any.whl (229 kB)
#10 65.92 Downloading s3transfer-0.9.0-py3-none-any.whl (82 kB)
#10 65.96 Downloading starlette-0.35.1-py3-none-any.whl (71 kB)
#10 66.01 Downloading anyio-4.14.1-py3-none-any.whl (124 kB)
#10 66.06 Downloading urllib3-2.7.0-py3-none-any.whl (131 kB)
#10 66.13 Downloading pillow-12.3.0-cp311-cp311-manylinux_2_27_x86_64.manylinux_2_28_x86_64.whl (6.9 MB)
#10 67.73    ━━━━━━━━━━━━━━━━━━━━━━━━━━━━━━━━━━━━━━━━ 6.9/6.9 MB 4.4 MB/s  0:00:01
#10 67.74 Downloading pyproj-3.7.2-cp311-cp311-manylinux_2_28_x86_64.whl (9.5 MB)
#10 71.66    ━━━━━━━━━━━━━━━━━━━━━━━━━━━━━━━━━━━━━━━━ 9.5/9.5 MB 2.4 MB/s  0:00:03
#10 71.68 Downloading sqlalchemy-2.0.51-cp311-cp311-manylinux2014_x86_64.manylinux_2_17_x86_64.manylinux_2_28_x86_64.whl (3.3 MB)
#10 72.43    ━━━━━━━━━━━━━━━━━━━━━━━━━━━━━━━━━━━━━━━━ 3.3/3.3 MB 4.4 MB/s  0:00:00
#10 72.46 Downloading geoalchemy2-0.20.0-py3-none-any.whl (96 kB)
#10 72.49 Downloading python_jose-3.5.0-py2.py3-none-any.whl (34 kB)
#10 72.51 Downloading rsa-4.9.1-py3-none-any.whl (34 kB)
#10 72.55 Downloading passlib-1.7.4-py2.py3-none-any.whl (525 kB)
#10 72.66    ━━━━━━━━━━━━━━━━━━━━━━━━━━━━━━━━━━━━━━━━ 525.6/525.6 kB 5.2 MB/s  0:00:00
#10 72.68 Downloading slowapi-0.1.10-py3-none-any.whl (14 kB)
#10 72.71 Downloading pydantic_settings-2.14.2-py3-none-any.whl (61 kB)
#10 72.74 Downloading anthropic-0.116.0-py3-none-any.whl (956 kB)
#10 72.94    ━━━━━━━━━━━━━━━━━━━━━━━━━━━━━━━━━━━━━━━━ 956.9/956.9 kB 6.1 MB/s  0:00:00
#10 72.96 Downloading distro-1.9.0-py3-none-any.whl (20 kB)
#10 72.98 Downloading docstring_parser-0.18.0-py3-none-any.whl (22 kB)
#10 73.01 Downloading jiter-0.16.0-cp311-cp311-manylinux_2_17_x86_64.manylinux2014_x86_64.whl (347 kB)
#10 73.12 Downloading typing_extensions-4.16.0-py3-none-any.whl (45 kB)
#10 73.15 Downloading celery-5.6.3-py3-none-any.whl (451 kB)
#10 73.27 Downloading billiard-4.2.4-py3-none-any.whl (87 kB)
#10 73.30 Downloading click-8.4.2-py3-none-any.whl (119 kB)
#10 73.35 Downloading vine-5.1.0-py3-none-any.whl (9.6 kB)
#10 73.37 Downloading minio-7.2.20-py3-none-any.whl (93 kB)
#10 73.42 Downloading rasterio-1.4.4-cp311-cp311-manylinux_2_28_x86_64.whl (35.9 MB)
#10 85.66    ━━━━━━━━━━━━━━━━━━━━━━━━━━━━━━━━━━━━━━━━ 35.9/35.9 MB 2.9 MB/s  0:00:12
#10 85.68 Downloading shapely-2.1.2-cp311-cp311-manylinux2014_x86_64.manylinux_2_17_x86_64.whl (3.1 MB)
#10 86.50    ━━━━━━━━━━━━━━━━━━━━━━━━━━━━━━━━━━━━━━━━ 3.1/3.1 MB 3.9 MB/s  0:00:00
#10 86.53 Downloading fiona-1.10.1-cp311-cp311-manylinux_2_17_x86_64.manylinux2014_x86_64.whl (17.3 MB)
#10 92.73    ━━━━━━━━━━━━━━━━━━━━━━━━━━━━━━━━━━━━━━━━ 17.3/17.3 MB 2.8 MB/s  0:00:06
#10 92.75 Downloading python_magic-0.4.27-py2.py3-none-any.whl (13 kB)
#10 92.77 Downloading pytest-9.1.1-py3-none-any.whl (386 kB)
#10 92.89 Downloading pluggy-1.6.0-py3-none-any.whl (20 kB)
#10 92.92 Downloading annotated_types-0.7.0-py3-none-any.whl (13 kB)
#10 92.95 Downloading attrs-26.1.0-py3-none-any.whl (67 kB)
#10 93.00 Downloading click_didyoumean-0.3.1-py3-none-any.whl (3.6 kB)
#10 93.02 Downloading click_plugins-1.1.1.2-py2.py3-none-any.whl (11 kB)
#10 93.05 Downloading click_repl-0.3.0-py3-none-any.whl (10 kB)
#10 93.09 Downloading cligj-0.7.2-py3-none-any.whl (7.1 kB)
#10 93.11 Downloading ecdsa-0.19.2-py2.py3-none-any.whl (150 kB)
#10 93.18 Downloading greenlet-3.5.3-cp311-cp311-manylinux_2_24_x86_64.manylinux_2_28_x86_64.whl (617 kB)
#10 93.32    ━━━━━━━━━━━━━━━━━━━━━━━━━━━━━━━━━━━━━━━━ 617.4/617.4 kB 4.0 MB/s  0:00:00
#10 93.34 Downloading h11-0.16.0-py3-none-any.whl (37 kB)
#10 93.37 Downloading idna-3.18-py3-none-any.whl (65 kB)
#10 93.40 Downloading iniconfig-2.3.0-py3-none-any.whl (7.5 kB)
#10 93.43 Downloading kombu-5.6.2-py3-none-any.whl (214 kB)
#10 93.49 Downloading amqp-5.3.1-py3-none-any.whl (50 kB)
#10 93.51 Downloading limits-5.8.0-py3-none-any.whl (60 kB)
#10 93.54 Downloading deprecated-1.3.1-py2.py3-none-any.whl (11 kB)
#10 93.56 Downloading wrapt-2.2.2-cp311-cp311-manylinux1_x86_64.manylinux_2_28_x86_64.manylinux_2_5_x86_64.whl (159 kB)
#10 93.60 Downloading prompt_toolkit-3.0.52-py3-none-any.whl (391 kB)
#10 93.74 Downloading pyasn1-0.6.3-py3-none-any.whl (83 kB)
#10 93.77 Downloading pygments-2.20.0-py3-none-any.whl (1.2 MB)
#10 94.04    ━━━━━━━━━━━━━━━━━━━━━━━━━━━━━━━━━━━━━━━━ 1.2/1.2 MB 4.6 MB/s  0:00:00
#10 94.06 Downloading python_dotenv-1.2.2-py3-none-any.whl (22 kB)
#10 94.08 Downloading cryptography-49.0.0-cp311-abi3-manylinux_2_34_x86_64.whl (4.7 MB)
#10 95.77    ━━━━━━━━━━━━━━━━━━━━━━━━━━━━━━━━━━━━━━━━ 4.7/4.7 MB 2.7 MB/s  0:00:01
#10 95.79 Downloading cffi-2.1.0-cp311-cp311-manylinux2014_x86_64.manylinux_2_17_x86_64.whl (217 kB)
#10 95.88 Downloading six-1.17.0-py2.py3-none-any.whl (11 kB)
#10 95.91 Downloading typing_inspection-0.4.2-py3-none-any.whl (14 kB)
#10 95.94 Downloading tzdata-2026.2-py2.py3-none-any.whl (349 kB)
#10 96.06 Downloading affine-2.4.0-py3-none-any.whl (15 kB)
#10 96.09 Downloading argon2_cffi-25.1.0-py3-none-any.whl (14 kB)
#10 96.11 Downloading argon2_cffi_bindings-25.1.0-cp39-abi3-manylinux_2_26_x86_64.manylinux_2_28_x86_64.whl (87 kB)
#10 96.15 Downloading certifi-2026.6.17-py3-none-any.whl (133 kB)
#10 96.22 Downloading redis-6.4.0-py3-none-any.whl (279 kB)
#10 96.35 Downloading pycparser-3.0-py3-none-any.whl (48 kB)
#10 96.44 Downloading pycryptodome-3.23.0-cp37-abi3-manylinux_2_17_x86_64.manylinux2014_x86_64.whl (2.3 MB)
#10 97.12    ━━━━━━━━━━━━━━━━━━━━━━━━━━━━━━━━━━━━━━━━ 2.3/2.3 MB 3.4 MB/s  0:00:00
#10 97.14 Downloading pyparsing-3.3.2-py3-none-any.whl (122 kB)
#10 97.19 Downloading sniffio-1.3.1-py3-none-any.whl (10 kB)
#10 97.21 Downloading tzlocal-5.4.4-py3-none-any.whl (18 kB)
#10 97.24 Downloading wcwidth-0.8.2-py3-none-any.whl (323 kB)
#10 97.59 Installing collected packages: passlib, wrapt, wcwidth, vine, urllib3, tzlocal, tzdata, typing-extensions, sniffio, six, shapely, redis, python-multipart, python-magic, python-dotenv, pyparsing, pyjwt, pygments, pycryptodome, pycparser, pyasn1, psycopg2-binary, pluggy, Pillow, jmespath, jiter, iniconfig, idna, h11, greenlet, docstring-parser, distro, click, certifi, billiard, bcrypt, attrs, annotated-types, affine, uvicorn, typing-inspection, sqlalchemy, rsa, python-dateutil, pytest, pyproj, pydantic-core, prompt-toolkit, httpcore, ecdsa, deprecated, cligj, click-plugins, click-didyoumean, cffi, anyio, amqp, starlette, rasterio, python-jose, pydantic, limits, kombu, httpx, geoalchemy2, fiona, cryptography, click-repl, botocore, argon2-cffi-bindings, slowapi, s3transfer, pydantic-settings, fastapi, celery, argon2-cffi, anthropic, minio, boto3
#10 107.9 
#10 107.9 Successfully installed Pillow-12.3.0 affine-2.4.0 amqp-5.3.1 annotated-types-0.7.0 anthropic-0.116.0 anyio-4.14.1 argon2-cffi-25.1.0 argon2-cffi-bindings-25.1.0 attrs-26.1.0 bcrypt-4.1.2 billiard-4.2.4 boto3-1.34.0 botocore-1.34.162 celery-5.6.3 certifi-2026.6.17 cffi-2.1.0 click-8.4.2 click-didyoumean-0.3.1 click-plugins-1.1.1.2 click-repl-0.3.0 cligj-0.7.2 cryptography-49.0.0 deprecated-1.3.1 distro-1.9.0 docstring-parser-0.18.0 ecdsa-0.19.2 fastapi-0.109.0 fiona-1.10.1 geoalchemy2-0.20.0 greenlet-3.5.3 h11-0.16.0 httpcore-1.0.9 httpx-0.27.0 idna-3.18 iniconfig-2.3.0 jiter-0.16.0 jmespath-1.1.0 kombu-5.6.2 limits-5.8.0 minio-7.2.20 passlib-1.7.4 pluggy-1.6.0 prompt-toolkit-3.0.52 psycopg2-binary-2.9.9 pyasn1-0.6.3 pycparser-3.0 pycryptodome-3.23.0 pydantic-2.13.4 pydantic-core-2.46.4 pydantic-settings-2.14.2 pygments-2.20.0 pyjwt-2.8.0 pyparsing-3.3.2 pyproj-3.7.2 pytest-9.1.1 python-dateutil-2.9.0.post0 python-dotenv-1.2.2 python-jose-3.5.0 python-magic-0.4.27 python-multipart-0.0.6 rasterio-1.4.4 redis-6.4.0 rsa-4.9.1 s3transfer-0.9.0 shapely-2.1.2 six-1.17.0 slowapi-0.1.10 sniffio-1.3.1 sqlalchemy-2.0.51 starlette-0.35.1 typing-extensions-4.16.0 typing-inspection-0.4.2 tzdata-2026.2 tzlocal-5.4.4 urllib3-2.7.0 uvicorn-0.27.0 vine-5.1.0 wcwidth-0.8.2 wrapt-2.2.2
#10 DONE 111.3s

#11 [ 7/22] COPY bathymetry-service/requirements.txt /tmp/req-bathy.txt
#11 DONE 0.3s

#12 [ 8/22] RUN python3 -m venv /opt/venv-bathy     && /opt/venv-bathy/bin/pip install --no-cache-dir -U pip setuptools wheel     && /opt/venv-bathy/bin/pip install --no-cache-dir -c /tmp/constraints.txt "numpy<2"     && /opt/venv-bathy/bin/pip install --no-cache-dir torch==2.2.2 --index-url https://download.pytorch.org/whl/cpu     && /opt/venv-bathy/bin/pip install --no-cache-dir -c /tmp/constraints.txt -r /tmp/req-bathy.txt
#12 3.572 Requirement already satisfied: pip in /opt/venv-bathy/lib/python3.11/site-packages (24.0)
#12 3.704 Collecting pip
#12 3.873   Downloading pip-26.1.2-py3-none-any.whl.metadata (4.6 kB)
#12 3.876 Requirement already satisfied: setuptools in /opt/venv-bathy/lib/python3.11/site-packages (79.0.1)
#12 4.091 Collecting setuptools
#12 4.114   Downloading setuptools-83.0.0-py3-none-any.whl.metadata (6.6 kB)
#12 4.157 Collecting wheel
#12 4.178   Downloading wheel-0.47.0-py3-none-any.whl.metadata (2.3 kB)
#12 4.253 Collecting packaging>=24.0 (from wheel)
#12 4.274   Downloading packaging-26.2-py3-none-any.whl.metadata (3.5 kB)
#12 4.300 Downloading pip-26.1.2-py3-none-any.whl (1.8 MB)
#12 4.730    ━━━━━━━━━━━━━━━━━━━━━━━━━━━━━━━━━━━━━━━━ 1.8/1.8 MB 4.2 MB/s eta 0:00:00
#12 4.751 Downloading setuptools-83.0.0-py3-none-any.whl (1.0 MB)
#12 5.283    ━━━━━━━━━━━━━━━━━━━━━━━━━━━━━━━━━━━━━━━━ 1.0/1.0 MB 1.9 MB/s eta 0:00:00
#12 5.304 Downloading wheel-0.47.0-py3-none-any.whl (32 kB)
#12 5.344 Downloading packaging-26.2-py3-none-any.whl (100 kB)
#12 5.402    ━━━━━━━━━━━━━━━━━━━━━━━━━━━━━━━━━━━━━━━━ 100.2/100.2 kB 1.9 MB/s eta 0:00:00
#12 5.490 Installing collected packages: setuptools, pip, packaging, wheel
#12 5.490   Attempting uninstall: setuptools
#12 5.493     Found existing installation: setuptools 79.0.1
#12 5.518     Uninstalling setuptools-79.0.1:
#12 5.531       Successfully uninstalled setuptools-79.0.1
#12 6.038   Attempting uninstall: pip
#12 6.040     Found existing installation: pip 24.0
#12 6.071     Uninstalling pip-24.0:
#12 6.080       Successfully uninstalled pip-24.0
#12 6.945 Successfully installed packaging-26.2 pip-26.1.2 setuptools-83.0.0 wheel-0.47.0
#12 8.031 Collecting numpy<2
#12 8.130   Downloading numpy-1.26.4-cp311-cp311-manylinux_2_17_x86_64.manylinux2014_x86_64.whl.metadata (61 kB)
#12 8.195 Downloading numpy-1.26.4-cp311-cp311-manylinux_2_17_x86_64.manylinux2014_x86_64.whl (18.3 MB)
#12 14.41    ━━━━━━━━━━━━━━━━━━━━━━━━━━━━━━━━━━━━━━━━ 18.3/18.3 MB 2.9 MB/s  0:00:06
#12 14.46 Installing collected packages: numpy
#12 16.67 Successfully installed numpy-1.26.4
#12 18.12 Looking in indexes: https://download.pytorch.org/whl/cpu
#12 18.40 Collecting torch==2.2.2
#12 18.98   Downloading torch-2.2.2%2Bcpu-cp311-cp311-linux_x86_64.whl (186.8 MB)
#12 60.90      ━━━━━━━━━━━━━━━━━━━━━━━━━━━━━━━━━━━━━━━━ 186.8/186.8 MB 4.5 MB/s  0:00:41
#12 61.22 Collecting filelock (from torch==2.2.2)
#12 61.39   Downloading filelock-3.29.0-py3-none-any.whl.metadata (2.0 kB)
#12 62.08 Collecting typing-extensions>=4.8.0 (from torch==2.2.2)
#12 62.10   Downloading typing_extensions-4.15.0-py3-none-any.whl.metadata (3.3 kB)
#12 62.17 Collecting sympy (from torch==2.2.2)
#12 62.19   Downloading sympy-1.14.0-py3-none-any.whl.metadata (12 kB)
#12 62.27 Collecting networkx (from torch==2.2.2)
#12 62.29   Downloading networkx-3.6.1-py3-none-any.whl.metadata (6.8 kB)
#12 62.96 Collecting jinja2 (from torch==2.2.2)
#12 62.98   Downloading jinja2-3.1.6-py3-none-any.whl.metadata (2.9 kB)
#12 63.71 Collecting fsspec (from torch==2.2.2)
#12 63.74   Downloading fsspec-2026.4.0-py3-none-any.whl.metadata (10 kB)
#12 64.58 Collecting MarkupSafe>=2.0 (from jinja2->torch==2.2.2)
#12 64.60   Downloading markupsafe-3.0.3-cp311-cp311-manylinux2014_x86_64.manylinux_2_17_x86_64.manylinux_2_28_x86_64.whl.metadata (2.7 kB)
#12 64.65 Collecting mpmath<1.4,>=1.1.0 (from sympy->torch==2.2.2)
#12 64.67   Downloading mpmath-1.3.0-py3-none-any.whl.metadata (8.6 kB)
#12 64.69 Downloading typing_extensions-4.15.0-py3-none-any.whl (44 kB)
#12 64.71 Downloading filelock-3.29.0-py3-none-any.whl (39 kB)
#12 64.75 Downloading fsspec-2026.4.0-py3-none-any.whl (203 kB)
#12 64.81 Downloading jinja2-3.1.6-py3-none-any.whl (134 kB)
#12 64.84 Downloading markupsafe-3.0.3-cp311-cp311-manylinux2014_x86_64.manylinux_2_17_x86_64.manylinux_2_28_x86_64.whl (22 kB)
#12 64.86 Downloading networkx-3.6.1-py3-none-any.whl (2.1 MB)
#12 65.30    ━━━━━━━━━━━━━━━━━━━━━━━━━━━━━━━━━━━━━━━━ 2.1/2.1 MB 4.8 MB/s  0:00:00
#12 65.32 Downloading sympy-1.14.0-py3-none-any.whl (6.3 MB)
#12 66.79    ━━━━━━━━━━━━━━━━━━━━━━━━━━━━━━━━━━━━━━━━ 6.3/6.3 MB 4.2 MB/s  0:00:01
#12 66.81 Downloading mpmath-1.3.0-py3-none-any.whl (536 kB)
#12 66.91    ━━━━━━━━━━━━━━━━━━━━━━━━━━━━━━━━━━━━━━━━ 536.2/536.2 kB 5.5 MB/s  0:00:00
#12 67.01 Installing collected packages: mpmath, typing-extensions, sympy, networkx, MarkupSafe, fsspec, filelock, jinja2, torch
#12 84.45 
#12 84.45 Successfully installed MarkupSafe-3.0.3 filelock-3.29.0 fsspec-2026.4.0 jinja2-3.1.6 mpmath-1.3.0 networkx-3.6.1 sympy-1.14.0 torch-2.2.2+cpu typing-extensions-4.15.0
#12 85.07 Collecting fastapi==0.110.0 (from -r /tmp/req-bathy.txt (line 1))
#12 85.15   Downloading fastapi-0.110.0-py3-none-any.whl.metadata (25 kB)
#12 85.23 Collecting uvicorn==0.29.0 (from uvicorn[standard]==0.29.0->-r /tmp/req-bathy.txt (line 2))
#12 85.26   Downloading uvicorn-0.29.0-py3-none-any.whl.metadata (6.3 kB)
#12 85.26 Requirement already satisfied: numpy<2.0,>=1.24 in ./opt/venv-bathy/lib/python3.11/site-packages (from -r /tmp/req-bathy.txt (line 3)) (1.26.4)
#12 85.46 Collecting scipy>=1.11 (from -r /tmp/req-bathy.txt (line 4))
#12 85.49   Downloading scipy-1.17.1-cp311-cp311-manylinux_2_27_x86_64.manylinux_2_28_x86_64.whl.metadata (62 kB)
#12 85.64 Collecting scikit-learn>=1.3 (from -r /tmp/req-bathy.txt (line 5))
#12 85.65   Downloading scikit_learn-1.9.0-cp311-cp311-manylinux_2_27_x86_64.manylinux_2_28_x86_64.whl.metadata (11 kB)
#12 85.83 Collecting pandas>=2.0 (from -r /tmp/req-bathy.txt (line 6))
#12 85.84   Downloading pandas-3.0.3-cp311-cp311-manylinux_2_24_x86_64.manylinux_2_28_x86_64.whl.metadata (79 kB)
#12 86.02 Collecting rasterio>=1.3.9 (from -r /tmp/req-bathy.txt (line 7))
#12 86.03   Downloading rasterio-1.4.4-cp311-cp311-manylinux_2_28_x86_64.whl.metadata (9.3 kB)
#12 86.07 Collecting minio>=7.2 (from -r /tmp/req-bathy.txt (line 8))
#12 86.09   Downloading minio-7.2.20-py3-none-any.whl.metadata (6.5 kB)
#12 86.45 Collecting Pillow>=10.0 (from -r /tmp/req-bathy.txt (line 9))
#12 86.46   Downloading pillow-12.3.0-cp311-cp311-manylinux_2_27_x86_64.manylinux_2_28_x86_64.whl.metadata (9.1 kB)
#12 86.49 Collecting python-multipart>=0.0.9 (from -r /tmp/req-bathy.txt (line 10))
#12 86.50   Downloading python_multipart-0.0.32-py3-none-any.whl.metadata (2.1 kB)
#12 86.76 Collecting pystac-client>=0.7 (from -r /tmp/req-bathy.txt (line 11))
#12 86.77   Downloading pystac_client-0.9.0-py3-none-any.whl.metadata (3.1 kB)
#12 87.04 Collecting planetary-computer>=1.0 (from -r /tmp/req-bathy.txt (line 12))
#12 87.06   Downloading planetary_computer-1.0.0-py3-none-any.whl.metadata (7.4 kB)
#12 87.20 Collecting pydantic!=1.8,!=1.8.1,!=2.0.0,!=2.0.1,!=2.1.0,<3.0.0,>=1.7.4 (from fastapi==0.110.0->-r /tmp/req-bathy.txt (line 1))
#12 87.21   Downloading pydantic-2.13.4-py3-none-any.whl.metadata (109 kB)
#12 87.27 Collecting starlette<0.37.0,>=0.36.3 (from fastapi==0.110.0->-r /tmp/req-bathy.txt (line 1))
#12 87.29   Downloading starlette-0.36.3-py3-none-any.whl.metadata (5.9 kB)
#12 87.30 Requirement already satisfied: typing-extensions>=4.8.0 in ./opt/venv-bathy/lib/python3.11/site-packages (from fastapi==0.110.0->-r /tmp/req-bathy.txt (line 1)) (4.15.0)
#12 87.32 Collecting click>=7.0 (from uvicorn==0.29.0->uvicorn[standard]==0.29.0->-r /tmp/req-bathy.txt (line 2))
#12 87.35   Downloading click-8.4.2-py3-none-any.whl.metadata (2.6 kB)
#12 87.37 Collecting h11>=0.8 (from uvicorn==0.29.0->uvicorn[standard]==0.29.0->-r /tmp/req-bathy.txt (line 2))
#12 87.39   Downloading h11-0.16.0-py3-none-any.whl.metadata (8.3 kB)
#12 87.43 Collecting httptools>=0.5.0 (from uvicorn[standard]==0.29.0->-r /tmp/req-bathy.txt (line 2))
#12 87.45   Downloading httptools-0.8.0-cp311-cp311-manylinux1_x86_64.manylinux_2_28_x86_64.manylinux_2_5_x86_64.whl.metadata (3.5 kB)
#12 87.48 Collecting python-dotenv>=0.13 (from uvicorn[standard]==0.29.0->-r /tmp/req-bathy.txt (line 2))
#12 87.49   Downloading python_dotenv-1.2.2-py3-none-any.whl.metadata (27 kB)
#12 87.57 Collecting pyyaml>=5.1 (from uvicorn[standard]==0.29.0->-r /tmp/req-bathy.txt (line 2))
#12 87.59   Downloading pyyaml-6.0.3-cp311-cp311-manylinux2014_x86_64.manylinux_2_17_x86_64.manylinux_2_28_x86_64.whl.metadata (2.4 kB)
#12 87.64 Collecting uvloop!=0.15.0,!=0.15.1,>=0.14.0 (from uvicorn[standard]==0.29.0->-r /tmp/req-bathy.txt (line 2))
#12 87.66   Downloading uvloop-0.22.1-cp311-cp311-manylinux2014_x86_64.manylinux_2_17_x86_64.manylinux_2_28_x86_64.whl.metadata (4.9 kB)
#12 87.77 Collecting watchfiles>=0.13 (from uvicorn[standard]==0.29.0->-r /tmp/req-bathy.txt (line 2))
#12 87.79   Downloading watchfiles-1.2.0-cp311-cp311-manylinux_2_17_x86_64.manylinux2014_x86_64.whl.metadata (4.9 kB)
#12 87.88 Collecting websockets>=10.4 (from uvicorn[standard]==0.29.0->-r /tmp/req-bathy.txt (line 2))
#12 87.90   Downloading websockets-16.0-cp311-cp311-manylinux1_x86_64.manylinux_2_28_x86_64.manylinux_2_5_x86_64.whl.metadata (6.8 kB)
#12 87.93 Collecting annotated-types>=0.6.0 (from pydantic!=1.8,!=1.8.1,!=2.0.0,!=2.0.1,!=2.1.0,<3.0.0,>=1.7.4->fastapi==0.110.0->-r /tmp/req-bathy.txt (line 1))
#12 87.94   Downloading annotated_types-0.7.0-py3-none-any.whl.metadata (15 kB)
#12 88.73 Collecting pydantic-core==2.46.4 (from pydantic!=1.8,!=1.8.1,!=2.0.0,!=2.0.1,!=2.1.0,<3.0.0,>=1.7.4->fastapi==0.110.0->-r /tmp/req-bathy.txt (line 1))
#12 88.75   Downloading pydantic_core-2.46.4-cp311-cp311-manylinux_2_17_x86_64.manylinux2014_x86_64.whl.metadata (6.6 kB)
#12 88.77 Collecting typing-inspection>=0.4.2 (from pydantic!=1.8,!=1.8.1,!=2.0.0,!=2.0.1,!=2.1.0,<3.0.0,>=1.7.4->fastapi==0.110.0->-r /tmp/req-bathy.txt (line 1))
#12 88.79   Downloading typing_inspection-0.4.2-py3-none-any.whl.metadata (2.6 kB)
#12 88.82 Collecting anyio<5,>=3.4.0 (from starlette<0.37.0,>=0.36.3->fastapi==0.110.0->-r /tmp/req-bathy.txt (line 1))
#12 88.84   Downloading anyio-4.14.1-py3-none-any.whl.metadata (4.6 kB)
#12 88.86 Collecting idna>=2.8 (from anyio<5,>=3.4.0->starlette<0.37.0,>=0.36.3->fastapi==0.110.0->-r /tmp/req-bathy.txt (line 1))
#12 88.88   Downloading idna-3.18-py3-none-any.whl.metadata (6.1 kB)
#12 88.92 Collecting joblib>=1.4.0 (from scikit-learn>=1.3->-r /tmp/req-bathy.txt (line 5))
#12 88.94   Downloading joblib-1.5.3-py3-none-any.whl.metadata (5.5 kB)
#12 88.99 Collecting narwhals>=2.0.1 (from scikit-learn>=1.3->-r /tmp/req-bathy.txt (line 5))
#12 89.01   Downloading narwhals-2.23.0-py3-none-any.whl.metadata (15 kB)
#12 89.03 Collecting threadpoolctl>=3.5.0 (from scikit-learn>=1.3->-r /tmp/req-bathy.txt (line 5))
#12 89.05   Downloading threadpoolctl-3.6.0-py3-none-any.whl.metadata (13 kB)
#12 89.08 Collecting python-dateutil>=2.8.2 (from pandas>=2.0->-r /tmp/req-bathy.txt (line 6))
#12 89.14   Downloading python_dateutil-2.9.0.post0-py2.py3-none-any.whl.metadata (8.4 kB)
#12 89.20 Collecting affine (from rasterio>=1.3.9->-r /tmp/req-bathy.txt (line 7))
#12 89.21   Downloading affine-2.4.0-py3-none-any.whl.metadata (4.0 kB)
#12 89.24 Collecting attrs (from rasterio>=1.3.9->-r /tmp/req-bathy.txt (line 7))
#12 89.26   Downloading attrs-26.1.0-py3-none-any.whl.metadata (8.8 kB)
#12 89.29 Collecting certifi (from rasterio>=1.3.9->-r /tmp/req-bathy.txt (line 7))
#12 89.31   Downloading certifi-2026.6.17-py3-none-any.whl.metadata (2.5 kB)
#12 89.33 Collecting cligj>=0.5 (from rasterio>=1.3.9->-r /tmp/req-bathy.txt (line 7))
#12 89.38   Downloading cligj-0.7.2-py3-none-any.whl.metadata (5.0 kB)
#12 89.41 Collecting click-plugins (from rasterio>=1.3.9->-r /tmp/req-bathy.txt (line 7))
#12 89.42   Downloading click_plugins-1.1.1.2-py2.py3-none-any.whl.metadata (6.5 kB)
#12 89.46 Collecting pyparsing (from rasterio>=1.3.9->-r /tmp/req-bathy.txt (line 7))
#12 89.48   Downloading pyparsing-3.3.2-py3-none-any.whl.metadata (5.8 kB)
#12 89.52 Collecting argon2-cffi (from minio>=7.2->-r /tmp/req-bathy.txt (line 8))
#12 89.53   Downloading argon2_cffi-25.1.0-py3-none-any.whl.metadata (4.1 kB)
#12 89.66 Collecting pycryptodome (from minio>=7.2->-r /tmp/req-bathy.txt (line 8))
#12 89.67   Downloading pycryptodome-3.23.0-cp37-abi3-manylinux_2_17_x86_64.manylinux2014_x86_64.whl.metadata (3.4 kB)
#12 89.71 Collecting urllib3 (from minio>=7.2->-r /tmp/req-bathy.txt (line 8))
#12 89.73   Downloading urllib3-2.7.0-py3-none-any.whl.metadata (6.9 kB)
#12 89.76 Collecting requests>=2.28.2 (from pystac-client>=0.7->-r /tmp/req-bathy.txt (line 11))
#12 89.78   Downloading requests-2.34.2-py3-none-any.whl.metadata (4.8 kB)
#12 89.82 Collecting pystac>=1.10.0 (from pystac[validation]>=1.10.0->pystac-client>=0.7->-r /tmp/req-bathy.txt (line 11))
#12 89.84   Downloading pystac-1.15.1-py3-none-any.whl.metadata (6.3 kB)
#12 89.90 Collecting pytz>=2020.5 (from planetary-computer>=1.0->-r /tmp/req-bathy.txt (line 12))
#12 89.92   Downloading pytz-2026.2-py2.py3-none-any.whl.metadata (22 kB)
#12 89.92 Requirement already satisfied: packaging in ./opt/venv-bathy/lib/python3.11/site-packages (from planetary-computer>=1.0->-r /tmp/req-bathy.txt (line 12)) (26.2)
#12 89.95 Collecting pystac-core<2,>=1.15.0 (from pystac>=1.10.0->pystac[validation]>=1.10.0->pystac-client>=0.7->-r /tmp/req-bathy.txt (line 11))
#12 89.96   Downloading pystac_core-1.15.1-py3-none-any.whl.metadata (1.3 kB)
#12 90.20 Collecting pystac-ext-classification (from pystac>=1.10.0->pystac[validation]>=1.10.0->pystac-client>=0.7->-r /tmp/req-bathy.txt (line 11))
#12 90.21   Downloading pystac_ext_classification-2.0.0-py3-none-any.whl.metadata (2.1 kB)
#12 90.24 Collecting pystac-ext-datacube (from pystac>=1.10.0->pystac[validation]>=1.10.0->pystac-client>=0.7->-r /tmp/req-bathy.txt (line 11))
#12 90.26   Downloading pystac_ext_datacube-2.2.0-py3-none-any.whl.metadata (1.8 kB)
#12 90.28 Collecting pystac-ext-eo (from pystac>=1.10.0->pystac[validation]>=1.10.0->pystac-client>=0.7->-r /tmp/req-bathy.txt (line 11))
#12 90.29   Downloading pystac_ext_eo-1.1.0-py3-none-any.whl.metadata (1.9 kB)
#12 90.32 Collecting pystac-ext-file (from pystac>=1.10.0->pystac[validation]>=1.10.0->pystac-client>=0.7->-r /tmp/req-bathy.txt (line 11))
#12 90.34   Downloading pystac_ext_file-2.1.0-py3-none-any.whl.metadata (1.8 kB)
#12 90.36 Collecting pystac-ext-grid (from pystac>=1.10.0->pystac[validation]>=1.10.0->pystac-client>=0.7->-r /tmp/req-bathy.txt (line 11))
#12 90.38   Downloading pystac_ext_grid-1.1.0-py3-none-any.whl.metadata (1.9 kB)
#12 90.41 Collecting pystac-ext-item-assets (from pystac>=1.10.0->pystac[validation]>=1.10.0->pystac-client>=0.7->-r /tmp/req-bathy.txt (line 11))
#12 90.43   Downloading pystac_ext_item_assets-1.0.0-py3-none-any.whl.metadata (1.9 kB)
#12 90.45 Collecting pystac-ext-label (from pystac>=1.10.0->pystac[validation]>=1.10.0->pystac-client>=0.7->-r /tmp/req-bathy.txt (line 11))
#12 90.47   Downloading pystac_ext_label-1.0.1-py3-none-any.whl.metadata (1.9 kB)
#12 90.49 Collecting pystac-ext-mgrs (from pystac>=1.10.0->pystac[validation]>=1.10.0->pystac-client>=0.7->-r /tmp/req-bathy.txt (line 11))
#12 90.50   Downloading pystac_ext_mgrs-1.0.0-py3-none-any.whl.metadata (1.8 kB)
#12 90.53 Collecting pystac-ext-mlm (from pystac>=1.10.0->pystac[validation]>=1.10.0->pystac-client>=0.7->-r /tmp/req-bathy.txt (line 11))
#12 90.55   Downloading pystac_ext_mlm-1.4.0-py3-none-any.whl.metadata (2.1 kB)
#12 90.57 Collecting pystac-ext-pointcloud (from pystac>=1.10.0->pystac[validation]>=1.10.0->pystac-client>=0.7->-r /tmp/req-bathy.txt (line 11))
#12 90.58   Downloading pystac_ext_pointcloud-1.0.0-py3-none-any.whl.metadata (1.8 kB)
#12 90.62 Collecting pystac-ext-projection (from pystac>=1.10.0->pystac[validation]>=1.10.0->pystac-client>=0.7->-r /tmp/req-bathy.txt (line 11))
#12 90.63   Downloading pystac_ext_projection-2.0.0-py3-none-any.whl.metadata (2.1 kB)
#12 90.66 Collecting pystac-ext-raster (from pystac>=1.10.0->pystac[validation]>=1.10.0->pystac-client>=0.7->-r /tmp/req-bathy.txt (line 11))
#12 90.67   Downloading pystac_ext_raster-1.1.0-py3-none-any.whl.metadata (1.9 kB)
#12 90.69 Collecting pystac-ext-render (from pystac>=1.10.0->pystac[validation]>=1.10.0->pystac-client>=0.7->-r /tmp/req-bathy.txt (line 11))
#12 90.71   Downloading pystac_ext_render-2.0.0-py3-none-any.whl.metadata (1.8 kB)
#12 90.74 Collecting pystac-ext-sar (from pystac>=1.10.0->pystac[validation]>=1.10.0->pystac-client>=0.7->-r /tmp/req-bathy.txt (line 11))
#12 90.75   Downloading pystac_ext_sar-1.0.0-py3-none-any.whl.metadata (1.8 kB)
#12 90.77 Collecting pystac-ext-sat (from pystac>=1.10.0->pystac[validation]>=1.10.0->pystac-client>=0.7->-r /tmp/req-bathy.txt (line 11))
#12 90.79   Downloading pystac_ext_sat-1.0.0-py3-none-any.whl.metadata (1.8 kB)
#12 90.81 Collecting pystac-ext-scientific (from pystac>=1.10.0->pystac[validation]>=1.10.0->pystac-client>=0.7->-r /tmp/req-bathy.txt (line 11))
#12 90.83   Downloading pystac_ext_scientific-1.0.0-py3-none-any.whl.metadata (1.8 kB)
#12 90.85 Collecting pystac-ext-storage (from pystac>=1.10.0->pystac[validation]>=1.10.0->pystac-client>=0.7->-r /tmp/req-bathy.txt (line 11))
#12 90.87   Downloading pystac_ext_storage-2.0.0-py3-none-any.whl.metadata (1.9 kB)
#12 91.10 Collecting pystac-ext-table (from pystac>=1.10.0->pystac[validation]>=1.10.0->pystac-client>=0.7->-r /tmp/req-bathy.txt (line 11))
#12 91.12   Downloading pystac_ext_table-1.2.0-py3-none-any.whl.metadata (1.8 kB)
#12 91.15 Collecting pystac-ext-timestamps (from pystac>=1.10.0->pystac[validation]>=1.10.0->pystac-client>=0.7->-r /tmp/req-bathy.txt (line 11))
#12 91.17   Downloading pystac_ext_timestamps-1.1.0-py3-none-any.whl.metadata (1.8 kB)
#12 91.20 Collecting pystac-ext-version (from pystac>=1.10.0->pystac[validation]>=1.10.0->pystac-client>=0.7->-r /tmp/req-bathy.txt (line 11))
#12 91.22   Downloading pystac_ext_version-1.2.0-py3-none-any.whl.metadata (1.9 kB)
#12 91.25 Collecting pystac-ext-view (from pystac>=1.10.0->pystac[validation]>=1.10.0->pystac-client>=0.7->-r /tmp/req-bathy.txt (line 11))
#12 91.26   Downloading pystac_ext_view-1.0.0-py3-none-any.whl.metadata (1.8 kB)
#12 91.28 Collecting pystac-ext-xarray-assets (from pystac>=1.10.0->pystac[validation]>=1.10.0->pystac-client>=0.7->-r /tmp/req-bathy.txt (line 11))
#12 91.30   Downloading pystac_ext_xarray_assets-1.0.0-py3-none-any.whl.metadata (1.9 kB)
#12 91.35 Collecting jsonschema~=4.18 (from pystac[validation]>=1.10.0->pystac-client>=0.7->-r /tmp/req-bathy.txt (line 11))
#12 91.36   Downloading jsonschema-4.26.0-py3-none-any.whl.metadata (7.6 kB)
#12 91.39 Collecting jsonschema-specifications>=2023.03.6 (from jsonschema~=4.18->pystac[validation]>=1.10.0->pystac-client>=0.7->-r /tmp/req-bathy.txt (line 11))
#12 91.40   Downloading jsonschema_specifications-2025.9.1-py3-none-any.whl.metadata (2.9 kB)
#12 91.44 Collecting referencing>=0.28.4 (from jsonschema~=4.18->pystac[validation]>=1.10.0->pystac-client>=0.7->-r /tmp/req-bathy.txt (line 11))
#12 91.46   Downloading referencing-0.37.0-py3-none-any.whl.metadata (2.8 kB)
#12 91.76 Collecting rpds-py>=0.25.0 (from jsonschema~=4.18->pystac[validation]>=1.10.0->pystac-client>=0.7->-r /tmp/req-bathy.txt (line 11))
#12 91.77   Downloading rpds_py-2026.6.3-cp311-cp311-manylinux_2_17_x86_64.manylinux2014_x86_64.whl.metadata (4.1 kB)
#12 91.80 Collecting six>=1.5 (from python-dateutil>=2.8.2->pandas>=2.0->-r /tmp/req-bathy.txt (line 6))
#12 91.82   Downloading six-1.17.0-py2.py3-none-any.whl.metadata (1.7 kB)
#12 91.97 Collecting charset_normalizer<4,>=2 (from requests>=2.28.2->pystac-client>=0.7->-r /tmp/req-bathy.txt (line 11))
#12 91.99   Downloading charset_normalizer-3.4.9-cp311-cp311-manylinux2014_x86_64.manylinux_2_17_x86_64.manylinux_2_28_x86_64.whl.metadata (41 kB)
#12 92.04 Collecting argon2-cffi-bindings (from argon2-cffi->minio>=7.2->-r /tmp/req-bathy.txt (line 8))
#12 92.06   Downloading argon2_cffi_bindings-25.1.0-cp39-abi3-manylinux_2_26_x86_64.manylinux_2_28_x86_64.whl.metadata (7.4 kB)
#12 92.18 Collecting cffi>=1.0.1 (from argon2-cffi-bindings->argon2-cffi->minio>=7.2->-r /tmp/req-bathy.txt (line 8))
#12 92.20   Downloading cffi-2.1.0-cp311-cp311-manylinux2014_x86_64.manylinux_2_17_x86_64.whl.metadata (2.5 kB)
#12 92.22 Collecting pycparser (from cffi>=1.0.1->argon2-cffi-bindings->argon2-cffi->minio>=7.2->-r /tmp/req-bathy.txt (line 8))
#12 92.23   Downloading pycparser-3.0-py3-none-any.whl.metadata (8.2 kB)
#12 92.27 Downloading fastapi-0.110.0-py3-none-any.whl (92 kB)
#12 92.31 Downloading uvicorn-0.29.0-py3-none-any.whl (60 kB)
#12 92.34 Downloading pydantic-2.13.4-py3-none-any.whl (472 kB)
#12 92.45 Downloading pydantic_core-2.46.4-cp311-cp311-manylinux_2_17_x86_64.manylinux2014_x86_64.whl (2.1 MB)
#12 92.95    ━━━━━━━━━━━━━━━━━━━━━━━━━━━━━━━━━━━━━━━━ 2.1/2.1 MB 4.3 MB/s  0:00:00
#12 92.96 Downloading starlette-0.36.3-py3-none-any.whl (71 kB)
#12 93.00 Downloading anyio-4.14.1-py3-none-any.whl (124 kB)
#12 93.06 Downloading scipy-1.17.1-cp311-cp311-manylinux_2_27_x86_64.manylinux_2_28_x86_64.whl (35.3 MB)
#12 101.2    ━━━━━━━━━━━━━━━━━━━━━━━━━━━━━━━━━━━━━━━━ 35.3/35.3 MB 4.4 MB/s  0:00:08
#12 101.2 Downloading scikit_learn-1.9.0-cp311-cp311-manylinux_2_27_x86_64.manylinux_2_28_x86_64.whl (9.3 MB)
#12 103.2    ━━━━━━━━━━━━━━━━━━━━━━━━━━━━━━━━━━━━━━━━ 9.3/9.3 MB 4.5 MB/s  0:00:02
#12 103.3 Downloading pandas-3.0.3-cp311-cp311-manylinux_2_24_x86_64.manylinux_2_28_x86_64.whl (11.3 MB)
#12 105.6    ━━━━━━━━━━━━━━━━━━━━━━━━━━━━━━━━━━━━━━━━ 11.3/11.3 MB 4.8 MB/s  0:00:02
#12 105.6 Downloading rasterio-1.4.4-cp311-cp311-manylinux_2_28_x86_64.whl (35.9 MB)
#12 115.2    ━━━━━━━━━━━━━━━━━━━━━━━━━━━━━━━━━━━━━━━━ 35.9/35.9 MB 3.8 MB/s  0:00:09
#12 115.2 Downloading minio-7.2.20-py3-none-any.whl (93 kB)
#12 115.2 Downloading pillow-12.3.0-cp311-cp311-manylinux_2_27_x86_64.manylinux_2_28_x86_64.whl (6.9 MB)
#12 116.8    ━━━━━━━━━━━━━━━━━━━━━━━━━━━━━━━━━━━━━━━━ 6.9/6.9 MB 4.4 MB/s  0:00:01
#12 116.8 Downloading python_multipart-0.0.32-py3-none-any.whl (30 kB)
#12 116.8 Downloading pystac_client-0.9.0-py3-none-any.whl (41 kB)
#12 116.8 Downloading planetary_computer-1.0.0-py3-none-any.whl (14 kB)
#12 116.9 Downloading annotated_types-0.7.0-py3-none-any.whl (13 kB)
#12 116.9 Downloading click-8.4.2-py3-none-any.whl (119 kB)
#12 117.0 Downloading cligj-0.7.2-py3-none-any.whl (7.1 kB)
#12 117.0 Downloading h11-0.16.0-py3-none-any.whl (37 kB)
#12 117.0 Downloading httptools-0.8.0-cp311-cp311-manylinux1_x86_64.manylinux_2_28_x86_64.manylinux_2_5_x86_64.whl (464 kB)
#12 117.1 Downloading idna-3.18-py3-none-any.whl (65 kB)
#12 117.1 Downloading joblib-1.5.3-py3-none-any.whl (309 kB)
#12 117.2 Downloading narwhals-2.23.0-py3-none-any.whl (458 kB)
#12 117.3 Downloading pystac-1.15.1-py3-none-any.whl (5.1 kB)
#12 117.4 Downloading pystac_core-1.15.1-py3-none-any.whl (119 kB)
#12 117.4 Downloading jsonschema-4.26.0-py3-none-any.whl (90 kB)
#12 117.4 Downloading attrs-26.1.0-py3-none-any.whl (67 kB)
#12 117.5 Downloading jsonschema_specifications-2025.9.1-py3-none-any.whl (18 kB)
#12 117.5 Downloading python_dateutil-2.9.0.post0-py2.py3-none-any.whl (229 kB)
#12 117.6 Downloading python_dotenv-1.2.2-py3-none-any.whl (22 kB)
#12 117.6 Downloading pytz-2026.2-py2.py3-none-any.whl (510 kB)
#12 117.7 Downloading pyyaml-6.0.3-cp311-cp311-manylinux2014_x86_64.manylinux_2_17_x86_64.manylinux_2_28_x86_64.whl (806 kB)
#12 117.9    ━━━━━━━━━━━━━━━━━━━━━━━━━━━━━━━━━━━━━━━━ 806.6/806.6 kB 5.4 MB/s  0:00:00
#12 117.9 Downloading referencing-0.37.0-py3-none-any.whl (26 kB)
#12 117.9 Downloading requests-2.34.2-py3-none-any.whl (73 kB)
#12 117.9 Downloading charset_normalizer-3.4.9-cp311-cp311-manylinux2014_x86_64.manylinux_2_17_x86_64.manylinux_2_28_x86_64.whl (221 kB)
#12 118.2 Downloading urllib3-2.7.0-py3-none-any.whl (131 kB)
#12 118.3 Downloading certifi-2026.6.17-py3-none-any.whl (133 kB)
#12 118.5 Downloading rpds_py-2026.6.3-cp311-cp311-manylinux_2_17_x86_64.manylinux2014_x86_64.whl (371 kB)
#12 118.7 Downloading six-1.17.0-py2.py3-none-any.whl (11 kB)
#12 118.7 Downloading threadpoolctl-3.6.0-py3-none-any.whl (18 kB)
#12 118.7 Downloading typing_inspection-0.4.2-py3-none-any.whl (14 kB)
#12 118.8 Downloading uvloop-0.22.1-cp311-cp311-manylinux2014_x86_64.manylinux_2_17_x86_64.manylinux_2_28_x86_64.whl (3.8 MB)
#12 119.9    ━━━━━━━━━━━━━━━━━━━━━━━━━━━━━━━━━━━━━━━━ 3.8/3.8 MB 3.6 MB/s  0:00:01
#12 119.9 Downloading watchfiles-1.2.0-cp311-cp311-manylinux_2_17_x86_64.manylinux2014_x86_64.whl (456 kB)
#12 120.0 Downloading websockets-16.0-cp311-cp311-manylinux1_x86_64.manylinux_2_28_x86_64.manylinux_2_5_x86_64.whl (184 kB)
#12 120.1 Downloading affine-2.4.0-py3-none-any.whl (15 kB)
#12 120.1 Downloading argon2_cffi-25.1.0-py3-none-any.whl (14 kB)
#12 120.1 Downloading argon2_cffi_bindings-25.1.0-cp39-abi3-manylinux_2_26_x86_64.manylinux_2_28_x86_64.whl (87 kB)
#12 120.1 Downloading cffi-2.1.0-cp311-cp311-manylinux2014_x86_64.manylinux_2_17_x86_64.whl (217 kB)
#12 120.2 Downloading click_plugins-1.1.1.2-py2.py3-none-any.whl (11 kB)
#12 120.2 Downloading pycparser-3.0-py3-none-any.whl (48 kB)
#12 120.3 Downloading pycryptodome-3.23.0-cp37-abi3-manylinux_2_17_x86_64.manylinux2014_x86_64.whl (2.3 MB)
#12 120.8    ━━━━━━━━━━━━━━━━━━━━━━━━━━━━━━━━━━━━━━━━ 2.3/2.3 MB 4.3 MB/s  0:00:00
#12 120.8 Downloading pyparsing-3.3.2-py3-none-any.whl (122 kB)
#12 120.8 Downloading pystac_ext_classification-2.0.0-py3-none-any.whl (7.0 kB)
#12 120.8 Downloading pystac_ext_datacube-2.2.0-py3-none-any.whl (6.8 kB)
#12 120.9 Downloading pystac_ext_eo-1.1.0-py3-none-any.whl (7.4 kB)
#12 120.9 Downloading pystac_ext_file-2.1.0-py3-none-any.whl (5.5 kB)
#12 120.9 Downloading pystac_ext_grid-1.1.0-py3-none-any.whl (3.3 kB)
#12 120.9 Downloading pystac_ext_item_assets-1.0.0-py3-none-any.whl (3.4 kB)
#12 120.9 Downloading pystac_ext_label-1.0.1-py3-none-any.whl (7.9 kB)
#12 121.0 Downloading pystac_ext_mgrs-1.0.0-py3-none-any.whl (3.8 kB)
#12 121.0 Downloading pystac_ext_mlm-1.4.0-py3-none-any.whl (13 kB)
#12 121.0 Downloading pystac_ext_pointcloud-1.0.0-py3-none-any.whl (6.2 kB)
#12 121.0 Downloading pystac_ext_projection-2.0.0-py3-none-any.whl (7.1 kB)
#12 121.0 Downloading pystac_ext_raster-1.1.0-py3-none-any.whl (6.6 kB)
#12 121.0 Downloading pystac_ext_render-2.0.0-py3-none-any.whl (5.0 kB)
#12 121.1 Downloading pystac_ext_sar-1.0.0-py3-none-any.whl (6.3 kB)
#12 121.1 Downloading pystac_ext_sat-1.0.0-py3-none-any.whl (4.6 kB)
#12 121.1 Downloading pystac_ext_scientific-1.0.0-py3-none-any.whl (5.2 kB)
#12 121.1 Downloading pystac_ext_storage-2.0.0-py3-none-any.whl (7.4 kB)
#12 121.1 Downloading pystac_ext_table-1.2.0-py3-none-any.whl (4.4 kB)
#12 121.1 Downloading pystac_ext_timestamps-1.1.0-py3-none-any.whl (4.3 kB)
#12 121.2 Downloading pystac_ext_version-1.2.0-py3-none-any.whl (5.4 kB)
#12 121.2 Downloading pystac_ext_view-1.0.0-py3-none-any.whl (4.5 kB)
#12 121.2 Downloading pystac_ext_xarray_assets-1.0.0-py3-none-any.whl (3.6 kB)
#12 121.5 Installing collected packages: pytz, websockets, uvloop, urllib3, typing-inspection, threadpoolctl, six, scipy, rpds-py, pyyaml, python-multipart, python-dotenv, pyparsing, pydantic-core, pycryptodome, pycparser, Pillow, narwhals, joblib, idna, httptools, h11, click, charset_normalizer, certifi, attrs, annotated-types, affine, uvicorn, scikit-learn, requests, referencing, python-dateutil, pydantic, cligj, click-plugins, cffi, anyio, watchfiles, starlette, rasterio, pystac-core, pandas, jsonschema-specifications, argon2-cffi-bindings, pystac-ext-xarray-assets, pystac-ext-view, pystac-ext-version, pystac-ext-timestamps, pystac-ext-table, pystac-ext-storage, pystac-ext-scientific, pystac-ext-sat, pystac-ext-sar, pystac-ext-render, pystac-ext-raster, pystac-ext-projection, pystac-ext-pointcloud, pystac-ext-mlm, pystac-ext-mgrs, pystac-ext-label, pystac-ext-item-assets, pystac-ext-grid, pystac-ext-file, pystac-ext-eo, pystac-ext-datacube, pystac-ext-classification, jsonschema, fastapi, argon2-cffi, pystac, minio, pystac-client, planetary-computer
#12 138.9 
#12 138.9 Successfully installed Pillow-12.3.0 affine-2.4.0 annotated-types-0.7.0 anyio-4.14.1 argon2-cffi-25.1.0 argon2-cffi-bindings-25.1.0 attrs-26.1.0 certifi-2026.6.17 cffi-2.1.0 charset_normalizer-3.4.9 click-8.4.2 click-plugins-1.1.1.2 cligj-0.7.2 fastapi-0.110.0 h11-0.16.0 httptools-0.8.0 idna-3.18 joblib-1.5.3 jsonschema-4.26.0 jsonschema-specifications-2025.9.1 minio-7.2.20 narwhals-2.23.0 pandas-3.0.3 planetary-computer-1.0.0 pycparser-3.0 pycryptodome-3.23.0 pydantic-2.13.4 pydantic-core-2.46.4 pyparsing-3.3.2 pystac-1.15.1 pystac-client-0.9.0 pystac-core-1.15.1 pystac-ext-classification-2.0.0 pystac-ext-datacube-2.2.0 pystac-ext-eo-1.1.0 pystac-ext-file-2.1.0 pystac-ext-grid-1.1.0 pystac-ext-item-assets-1.0.0 pystac-ext-label-1.0.1 pystac-ext-mgrs-1.0.0 pystac-ext-mlm-1.4.0 pystac-ext-pointcloud-1.0.0 pystac-ext-projection-2.0.0 pystac-ext-raster-1.1.0 pystac-ext-render-2.0.0 pystac-ext-sar-1.0.0 pystac-ext-sat-1.0.0 pystac-ext-scientific-1.0.0 pystac-ext-storage-2.0.0 pystac-ext-table-1.2.0 pystac-ext-timestamps-1.1.0 pystac-ext-version-1.2.0 pystac-ext-view-1.0.0 pystac-ext-xarray-assets-1.0.0 python-dateutil-2.9.0.post0 python-dotenv-1.2.2 python-multipart-0.0.32 pytz-2026.2 pyyaml-6.0.3 rasterio-1.4.4 referencing-0.37.0 requests-2.34.2 rpds-py-2026.6.3 scikit-learn-1.9.0 scipy-1.17.1 six-1.17.0 starlette-0.36.3 threadpoolctl-3.6.0 typing-inspection-0.4.2 urllib3-2.7.0 uvicorn-0.29.0 uvloop-0.22.1 watchfiles-1.2.0 websockets-16.0
#12 DONE 142.5s

#13 [ 9/22] WORKDIR /app
#13 DONE 0.4s

#14 [10/22] COPY fastapi/ /app/fastapi/
#14 DONE 0.2s

#15 [11/22] COPY bathymetry-service/ /app/bathymetry-service/
#15 DONE 0.2s

#16 [12/22] COPY migrations/ /app/migrations/
#16 DONE 0.2s

#17 [13/22] COPY secure-config/keys/GENERATE.sh /app/secure-config/keys/GENERATE.sh
#17 DONE 0.1s

#18 [14/22] COPY apps/ /var/www/apps/
#18 DONE 0.1s

#19 [15/22] COPY libs/ /var/www/libs/
#19 DONE 0.2s

#20 [16/22] COPY css/ /var/www/css/
#20 DONE 0.1s

#21 [17/22] COPY fonts/ /var/www/fonts/
#21 DONE 0.2s

#22 [18/22] COPY fonts.css /var/www/fonts.css
#22 DONE 0.2s

#23 [19/22] COPY runpod/supervisord.conf /etc/supervisor/conf.d/abyss.conf
#23 DONE 0.1s

#24 [20/22] COPY runpod/nginx.conf /etc/nginx/conf.d/default.conf
#24 DONE 0.1s

#25 [21/22] COPY runpod/entrypoint.sh /usr/local/bin/entrypoint.sh
#25 DONE 0.1s

#26 [22/22] RUN rm -f /etc/nginx/sites-enabled/default     && mkdir -p /var/cache/nginx/tiles /app/secure-config/keys     && sed -i 's/\r$//' /usr/local/bin/entrypoint.sh /app/secure-config/keys/GENERATE.sh /app/migrations/run_migrations.sh     && chmod +x /usr/local/bin/entrypoint.sh
#26 DONE 0.4s

#27 exporting to image
#27 exporting layers
#27 exporting layers 91.1s done
#27 exporting manifest sha256:feaada1361059c4920162f6cd496a1a20a990688b6233b9f0e8872da4cfc89cd 0.1s done
#27 exporting config sha256:24e056fe4edeadc77b121249b8b9e91b9050bff8396b58e84dd42941543b5ed5 0.0s done
#27 exporting attestation manifest sha256:d9724afff9d3a71576ff8f23b2cd441d48c187e1e5ef89255bccfb76d63ba7b1 0.1s done
#27 exporting manifest list sha256:b65c33d2d59187b304a8b8a13a55a6ae2ff8f505cc6358389a33245340d91d6d
#27 exporting manifest list sha256:b65c33d2d59187b304a8b8a13a55a6ae2ff8f505cc6358389a33245340d91d6d 0.0s done
#27 naming to docker.io/library/abyss-allinone:latest 0.1s done
#27 unpacking to docker.io/library/abyss-allinone:latest
#27 unpacking to docker.io/library/abyss-allinone:latest 61.3s done
#27 DONE 152.9s

 [33m2 warnings found (use docker --debug to expand):
[0m - SecretsUsedInArgOrEnv: Do not use ARG or ENV instructions for sensitive data (ENV "DEV_NO_AUTH") (line 84)
 - SecretsUsedInArgOrEnv: Do not use ARG or ENV instructions for sensitive data (ENV "MINIO_ACCESS_KEY") (line 84)
